Name,FUVmag,TType,Tdw1,Tdw2,logKLum,logM26,logMHI,log_SFR_Ha,log_SFR_FUV
AGC102728,20.40,10.0,Ir,L,6.43,5.82,7.05,,-3.07
UGC12894,17.60,10.0,Ir,L,7.63,8.2,7.98,-2.23,-1.97
PGC000083,>23.00,10.0,Ir,L,7.18,7.38,7.46,,<-4.34
WLM,12.80,9.0,Im,N,7.7,8.27,7.84,-2.68,-2.23
AndXVIII,>23.00,-3.0,Sph,L,6.44,6.78,<6.65,<-5.97,<-5.84
PAndAS-03,>23.00,-3.0,dE,L,4.38,,,<-6.26,<-6.35
PAndAS-04,21.70,-3.0,dE,H,5.59,,,<-6.82,-5.67
PAndAS-05,>23.00,-3.0,dE,N,4.75,,,<-6.47,<-6.38
ESO409-015,16.10,9.0,Im,N,8.1,8.25,8.10,-1.47,-1.72
AGC748778,20.30,10.0,Ir,L,6.39,5.7,6.64,-4.64,-3.53
AndXX,21.80,-3.0,Sph,X,5.26,5.7,,<-6.34,-5.96
UGC00064,16.60,10.0,Ir,N,8.01,8.58,8.44,-1.65,-1.77
ESO349-031,17.10,10.0,Ir,L,7.12,7.41,7.13,-4.03,-3.02
dw0009-25,>23.00,-2.0,dSph,L,6.03,,,,<-4.64
NGC0024,14.20,5.0,,,9.48,10.19,8.64,-1.01,-0.60
dw0010-25,>23.00,-2.0,dSph,L,7.41,,,,<-4.64
NGC0045,12.70,8.0,,,9.33,10.31,9.18,-0.54,-0.45
PiscesA,,10.0,Ir,L,6.53,5.99,6.96,-3.67,
NGC0055,10.30,8.0,,,9.49,10.18,9.44,-0.28,0.07
NGC0059,16.30,-3.0,dEem,N,8.66,8.21,7.34,-1.98,-2.27
ESO410-005,18.40,10.0,Tr,N,6.89,6.13,5.91,<-6.26,-3.96
LVJ0015-3825,19.20,10.0,Ir,N,6.68,7.88,7.23,,-3.11
AndXIX,>23.00,-3.0,Sph,X,6.8,6.77,,<-6.25,<-6.27
IC0010,,10.0,Ir,N,8.63,8.98,8.16,-1.38,
JKB129,19.00,10.0,Ir,N,7.39,7.37,7.59,-2.89,-2.54
AndXXVI,>23.00,-3.0,Sph,X,5.02,5.65,,<-6.36,<-6.30
Sc22,22.80,-3.0,Sph,L,7.15,,<5.00,<-5.56,-5.00
Cetus,>23.00,-1.0,Tr,L,7.03,7.66,<5.40,<-5.51,<-6.54
ESO294-010,18.10,10.0,Tr,N,6.3,5.95,5.52,-4.28,-3.81
UGC00288,17.60,10.0,Ir,N,7.8,7.77,7.69,-2.61,-2.33
AndXXV,>23.00,-3.0,Sph,X,6.38,7.1,,<-6.38,<-6.28
ESO473-024,16.90,10.0,Ir,N,7.72,8.4,8.18,-2.10,-1.94
NGC0147,>23.00,-3.0,Sph,N,8.21,8.31,<3.74,-6.33,<-6.09
ScuSR,20.90,10.0,Tr,L,6.36,,<6.54,,-4.34
AndIII,>23.00,-3.0,Sph,L,6.5,5.8,<5.55,-6.21,<-6.59
CasIII,,-3.0,Sph,X,7.56,6.42,,<-6.35,
dw0036-2828,22.10,10.0,Irr,L,5.83,,,,-4.85
AndXXX,,-3.0,Sph,X,5.94,6.62,,<-6.52,
AndXVII,21.20,-2.0,Sph,X,5.78,5.68,<5.54,-5.57,-5.71
AndXXVII,>23.00,-3.0,Sph,X,5.88,5.77,,<-6.42,<-6.32
KK7,18.90,10.0,Ir,N,7.69,7.37,7.34,,-2.68
NGC0185,,-3.0,dE,N,8.36,8.57,5.08,-4.73,
NGC0205,15.00,-2.0,dE,N,8.9,9.3,5.58,<-7.73,-3.12
AndIV,17.90,10.0,Ir,L,7.22,8.9,8.44,-3.12,-2.42
MESSIER032,16.30,-2.0,dEem,H,9.09,9.52,<6.42,-5.88,-3.59
MESSIER031,09.80,3.0,,,10.73,11.5,9.73,-0.27,-0.40
DDO226,16.70,10.0,Ir,N,7.71,7.82,7.53,-2.90,-2.46
AndI,22.10,-3.0,Sph,L,7.17,6.43,<5.53,-6.54,-6.16
AndXI,21.20,-3.0,Sph,X,5.22,5.63,<5.53,-5.75,-5.71
DoII,>23.00,-1.0,Sph,L,5.54,,,,<-5.29
NGC0247,11.50,7.0,,,9.5,10.45,9.18,-0.55,-0.25
AndXII,>23.00,-3.0,Sph,X,5.43,5.85,<5.64,<-6.43,<-6.20
NGC0253,11.30,5.0,,,10.98,11.22,9.09,0.26,0.34
Scl-MM-Dw1,>23.00,-3.0,Sph,L,6.45,,<7.00,,<-5.18
KDG002,19.50,10.0,Tr,L,6.85,7.26,5.99,<-5.72,-3.83
DDO006,16.90,10.0,Ir,N,7.08,6.21,7.06,-4.14,-2.86
ESO540-032,19.70,10.0,Ir,L,6.83,6.8,6.03,-4.98,-3.91
Bol520,21.90,-3.0,dE,H,5.6,,,<-6.77,-6.09
AndXIV,>23.00,-3.0,Sph,X,6.07,6.06,<5.53,-5.82,<-6.49
AndXIII,>23.00,-3.0,Sph,X,5.42,5.48,<5.65,<-6.42,<-6.30
SMC,,9.0,Im,N,8.85,9.25,8.65,-1.34,
AndIX,22.60,-3.0,Sph,X,6.24,7.42,<5.60,-6.87,-6.22
NGC0300,10.30,7.0,,,9.41,10.17,9.32,-0.78,-0.56
LVJ0055-2310,19.30,10.0,Ir,N,6.16,7.57,6.64,,-3.79
PAndAS-48,>23.00,-3.0,dE,L,4.68,,,<-6.30,<-6.37
AndXVI,20.60,-3.0,Sph,L,5.67,5.54,<5.24,<-6.76,-5.81
Sculptor,22.10,-3.0,Sph,X,6.86,6.0,<5.39,,-8.11
PAndAS-50,>23.00,-3.0,dE,N,5.28,,,<-6.20,<-6.10
LGS3,19.50,10.0,Tr,L,5.96,5.62,5.02,<-6.85,-5.23
IC1613,11.60,10.0,Ir,N,8.1,7.9,7.80,-2.35,-2.04
AndX,>23.00,-3.0,Sph,X,5.58,6.11,<5.40,-5.51,<-6.39
UGC00685,16.50,9.0,BCD,N,8.03,8.72,7.80,-2.25,-2.27
KKH5,,10.0,Ir,L,7.35,7.69,7.06,-2.62,
PAndAS-C02,>23.00,-3.0,dE,N,4.88,,,,<-6.05
AM0106-382,17.40,10.0,Ir,N,7.6,7.68,7.58,-2.33,-2.30
DoIII,>23.00,-1.0,Sph,L,6.35,,,,<-5.25
NGC0404,15.40,-1.0,S0em,N,9.26,9.57,7.91,-1.50,-2.23
AndV,,-3.0,Sph,L,6.47,6.27,<5.62,-6.30,
DoI,>23.00,-2.0,Sph,L,6.48,,,,<-5.21
AndXV,,-3.0,Sph,L,6.03,5.87,<5.56,<-6.59,
AndII,21.70,-3.0,Sph,L,7.33,6.58,<5.44,-6.63,-6.05
AndXXIV,,-3.0,Sph,X,5.73,6.44,,<-6.60,
PiscesB,19.10,10.0,Ir,L,7.11,7.66,7.47,-3.02,-2.80
PAndAS-55,>23.00,-3.0,dE,N,4.87,,,<-6.33,<-6.40
TriangulumIII,>23.00,-2.0,Sph,X,4.54,,,,<-6.29
PAndAS-56,>23.00,-3.0,dE,H,5.78,,,<-5.71,<-6.47
AndXXII,>23.00,-3.0,Sph,X,5.28,5.51,,-6.12,<-6.37
PAndAS-57,>23.00,-3.0,dE,N,5.03,,,,<-6.40
UGC01056,17.20,9.0,Im,N,8.54,8.18,7.93,-1.66,-1.86
PAndAS-58,>23.00,-3.0,dE,N,5.16,,,,<-6.44
AndXXIII,,-3.0,Sph,X,6.55,6.29,,-6.05,
UGC01085,17.80,9.0,Im,N,7.56,8.07,7.82,,-2.17
UGC01104,16.10,9.0,BCD,N,8.35,8.9,8.02,-2.01,-1.70
AGC112454,,9.0,Im,N,7.81,8.39,8.09,-2.35,
MESSIER033,08.20,6.0,,,9.62,10.34,9.40,-0.35,-0.25
AGC114027,,10.0,Ir,L,7.39,7.08,7.38,-2.85,
KKH6,>23.00,10.0,Ir,N,7.3,7.12,6.92,-3.05,<-3.82
NGC0625,13.90,8.0,,,8.96,9.02,8.00,-1.20,-1.52
NGC628dwB,>22.70,10.0,Ir,L,5.3,,,,<-4.09
NGC0628,12.20,5.0,,,10.6,10.22,9.73,0.23,0.14
NGC628dwA,>22.20,10.0,Tr,N,7.04,,,,<-3.90
dw0137+1607,23.20,-1.0,Sph,L,6.73,,,,-4.39
AGC112503,,9.0,BCD,N,7.27,8.35,6.99,-2.72,
UGC01171,18.80,10.0,Ir,N,7.96,7.52,7.70,-3.60,-2.52
dw0139+1433,20.00,10.0,Irr,N,7.13,,,,-2.99
DDO013,16.00,10.0,Ir,L,8.53,8.68,8.66,-1.57,-1.48
AGC112521,21.10,10.0,Ir,L,6.81,6.55,6.75,-4.20,-3.88
KK13,19.00,10.0,Ir,N,7.57,7.37,7.27,-2.92,-2.74
KDG010,19.80,10.0,Ir,L,7.81,7.85,7.80,-2.54,-3.01
Dw0143+1338,>23.50,-2.0,Sph,L,7.78,,,,<-4.27
KK14,19.10,10.0,Ir,L,7.08,6.94,7.54,-3.50,-2.94
ESO245-005,13.80,9.0,Im,N,8.53,9.19,8.60,-1.59,-1.34
JKB142,19.50,10.0,Ir,N,7.01,7.59,7.65,-2.11,-2.81
KK15,19.90,10.0,Ir,L,6.98,6.05,7.21,-3.59,-3.02
N672dwB,>23.00,10.0,Ir,L,5.69,,,<-4.47,<-4.46
N672dwA,23.10,10.0,Ir,L,6.18,,,<-4.45,-4.48
IC1727,14.10,8.0,,,9.49,9.8,8.90,-1.10,-0.69
NGC0672,13.90,6.0,,,9.65,10.22,9.22,-0.70,-0.45
UGC01281,15.50,7.0,,,8.57,9.45,8.28,-1.94,-1.61
Phoenix,16.40,10.0,Tr,L,6.07,7.32,<5.21,,-4.43
KK16,18.80,10.0,Ir,N,7.35,6.2,6.86,-3.43,-3.00
KK17,19.70,10.0,Ir,L,7.02,6.08,6.76,-3.53,-3.51
NGC0784,14.40,8.0,,,8.67,9.26,8.53,-1.46,-1.33
UGC01561,17.20,9.0,Im,N,8.52,8.18,7.84,-1.89,-1.89
Cas1,,10.0,Ir,N,9.03,8.87,8.38,-1.08,
UGC01703,>23.00,-2.0,Tr,N,7.59,,<6.32,-4.83,<-4.83
TriangulumII,,-2.0,Sph,X,3.45,5.05,,<-9.16,
NGC0855,16.50,0.0,dS0em,N,9.37,9.24,8.45,-1.11,-1.59
Dw0214+2836,20.80,10.0,Irr,L,6.73,,,,-3.37
Segue2,21.00,-3.0,Sph,X,3.88,5.11,,<-9.14,-7.92
[TT2009]25,22.90,10.0,Tr,L,7.23,,,<-4.35,-4.12
UGC01807,16.70,8.0,Sm,,8.81,10.27,8.56,-1.80,-1.65
NGC0891,15.20,3.0,,,10.98,11.33,9.66,-0.09,-0.28
[TT2009]30,23.10,10.0,Ir,L,7.4,,,<-4.23,-4.21
KKH11,,10.0,Ir,N,8.17,8.88,8.19,-2.18,
[KK2000]03,>23.00,-3.0,Tr,L,7.59,,<5.65,,<-5.65
DDO019,16.60,10.0,Ir,L,8.03,9.31,8.34,-1.82,-1.65
d0226+3325,,10.0,Ir,X,7.34,8.86,8.02,-4.58,
NGC0925,12.70,7.0,,,10.14,10.66,9.60,-0.01,0.12
Halogas,20.00,10.0,Ir,L,7.14,6.24,7.53,-2.79,-3.00
KKH12,,10.0,Ir,L,8.21,8.41,7.77,-1.90,
DDO022,18.30,10.0,Ir,N,8.07,8.44,8.11,-2.32,-2.38
DDO025,15.90,8.0,,,8.89,8.98,8.43,<-1.66,-1.30
DDO024,,8.0,,,8.97,9.01,8.74,<-1.56,
MB1,,10.0,Ir,L,9.0,8.43,8.04,-1.75,
Maffei1,,-3.0,,,10.76,,,<-2.45,
ESO115-021,14.80,7.0,,,8.75,9.51,8.58,-1.63,-1.44
Fornax,20.70,-3.0,Sph,L,7.55,5.87,<5.19,,-7.16
Maffei2,,4.0,,,11.21,10.71,9.40,-0.76,
UGC02172,,10.0,Ir,N,8.32,8.62,7.87,-0.94,
AGC122226,,9.0,BCD,N,7.41,7.25,7.46,-2.30,
AGC124635,19.20,10.0,Ir,L,6.55,6.19,7.20,,-2.63
AGC123352,21.50,10.0,Ir,L,6.91,6.38,7.18,-2.86,-3.14
Dw2,,10.0,Ir,N,8.96,9.05,8.61,-1.87,
MB3,,10.0,Ir,N,8.61,,,<-3.54,
ESO154-023,13.90,8.0,,,8.93,9.65,9.14,-1.32,-1.00
Dw1,,3.0,,,10.64,10.16,9.24,-0.62,
AGC124056,>23.00,10.0,Ir,L,6.67,6.1,6.79,<-1.73,<-4.18
ESO199-007,17.80,10.0,Ir,N,7.27,7.12,7.25,,-2.71
GALFADw3,18.80,10.0,Ir,L,7.04,5.98,6.84,-3.42,-2.53
NGC1156,14.50,8.0,,,9.2,9.46,8.71,-0.59,-0.58
N1156dw1,>23.00,10.0,Ir,L,6.65,,,<-4.10,<-3.76
N1156dw2,21.70,10.0,Ir,L,6.51,,,<-4.24,-3.21
LVJ0300+2546,22.60,10.0,Ir,N,7.34,6.41,6.20,-3.09,-3.41
PerseusI,,-2.0,dSph,X,6.8,5.87,,<-6.38,
dw0301+2446,>23.00,10.0,Ir,L,6.67,,,,<-3.95
KKH18,18.40,10.0,Ir,N,7.28,7.36,7.14,-3.21,-2.57
N1291-DW9,>23.00,-1.0,Sph,L,7.02,,,,<-4.50
ESO300-014,15.00,8.0,,,9.3,10.0,8.65,-1.42,-1.07
ESO300-016,17.40,10.0,Ir,N,8.0,8.15,7.91,-2.72,-2.20
N1291-DW11,20.70,10.0,Ir,L,6.86,,,,-3.54
N1291-DW2,>23.00,-1.0,Sph,L,7.34,,,,<-4.60
N1291-DW8,>23.00,-1.0,Sph,L,7.95,,,,<-4.47
NGC1291,14.30,1.0,,,10.97,9.78,9.01,-0.38,-0.98
N1291-DW3,>23.00,-1.0,Sph,L,7.68,,,,<-4.68
N1291-DW5,>23.00,-1.0,Sph,L,7.99,,,,<-4.35
NGC1313,11.50,7.0,,,9.57,10.46,9.29,-0.27,-0.09
N1291-DW6,>23.00,-1.0,Sph,L,7.18,,,,<-4.56
N1291-DW12,>23.00,-1.0,Sph,L,6.41,,,,<-4.65
N1291-DW1,>23.00,-1.0,Sph,L,7.38,,,,<-4.46
N1291-DW15,21.70,10.0,Ir,L,6.3,,,,-3.95
N1291-DW4,23.70,-1.0,Sph,L,7.67,,,,-4.81
NGC1311,15.00,8.0,,,8.43,9.05,8.04,-1.55,-1.67
UGC02684,17.80,10.0,Ir,N,7.65,8.83,7.99,-2.76,-2.19
N1291-DW13,>23.00,-1.0,Sph,L,6.8,,,,<-4.69
KK27,19.90,10.0,Ir,L,7.04,6.03,5.92,,-3.67
[KK2000]08,19.60,9.0,Ir,N,7.51,,,,-3.14
ESO301-010,>23.00,-1.0,dE,N,8.2,,,,<-4.61
UGC02716,17.10,8.0,,,8.38,8.23,7.71,-2.23,-1.95
N1291-DW14,20.60,10.0,Ir,L,6.6,,,,-3.51
N1291-DW10,>23.00,-1.0,Sph,L,7.51,,,,<-4.50
UGC02773,,9.0,Im,N,9.24,9.08,8.51,-0.57,
IC1959,14.50,8.0,,,8.49,9.42,8.38,-1.38,-1.18
PGC013294,17.60,10.0,Ir,N,7.54,,<7.10,,-2.50
NGC1400,17.50,-3.0,,,10.99,,,-0.66,-1.21
KKH22,>23.00,10.0,Tr,L,6.7,,<6.36,<-4.92,<-4.15
KK35,19.10,10.0,Ir,N,8.2,,,-1.39,-1.69
IC0342,12.80,6.0,,,10.6,11.15,10.16,>-0.26,0.60
UGC02905,18.70,10.0,Ir,N,8.02,7.93,7.56,-2.59,-2.13
UGCA086,,8.0,,,9.13,,,-1.14,
IC2038,17.20,7.0,,,9.08,9.33,9.20,,-1.46
NGC1533,17.00,0.0,,,10.85,10.89,9.76,-0.28,-1.26
ESO483-013,16.20,9.0,BCD,N,8.72,8.68,7.63,-1.82,-1.80
CamA,20.10,10.0,Ir,L,7.79,8.14,8.14,-2.91,-3.43
NGC1592,14.50,10.0,Ir,N,8.17,8.68,7.99,-1.28,-0.98
NGC1569,15.60,8.0,,,9.4,9.25,8.30,-0.08,-0.55
UGCA092,,10.0,Ir,L,8.04,8.44,8.23,-1.57,
NGC1560,14.70,7.0,,,8.6,9.47,8.91,-1.43,-1.34
NGC1637,,6.0,,,10.07,10.4,9.01,-0.48,
CamB,,10.0,Ir,L,7.09,6.16,7.12,-3.29,
NGC1705,13.40,9.0,BCD,N,8.62,9.26,8.06,-0.98,-0.98
HIPASSJ0457-42,,10.0,Ir,N,8.18,8.29,8.10,-2.25,
NGC1744,13.30,7.0,,,9.42,10.38,9.35,-0.59,-0.20
ESO486-021,15.60,9.0,BCD,N,8.74,8.9,8.47,-1.48,-1.33
NGC1800,14.70,9.0,BCD,N,9.04,8.7,8.13,-1.25,-1.26
UGCA105,15.10,8.0,,,9.14,9.58,8.65,-1.23,-1.07
HIPASSJ0517-32,17.30,9.0,Im,H,7.93,8.33,7.89,,-2.14
KKH30,21.20,10.0,Tr,L,6.68,,,<-4.77,-4.13
LMC,,9.0,Im,N,9.42,9.44,8.66,-0.52,
UGC03303,,8.0,,,8.75,10.26,8.52,-1.11,
ESO553-046,15.50,9.0,BCD,N,8.17,8.49,7.46,-1.25,-1.61
KK49,,9.0,BCD,N,9.24,8.77,8.31,-0.61,
Orion,,8.0,,,8.73,9.66,8.98,-1.04,
GALFADw4,,10.0,Ir,N,7.76,7.78,6.81,-2.06,
A0554+07,,10.0,Ir,N,7.89,8.24,7.80,-2.41,
KKH34,22.10,10.0,Ir,L,7.57,6.33,7.15,-3.51,-3.51
ESO364-029,,9.0,Im,N,9.12,9.31,8.53,-1.37,
HIPASSJ0607-34,,9.0,BCD,N,8.69,9.19,8.32,-1.66,
NGC2188,,8.0,,,9.37,9.51,8.72,-0.83,
ESO121-020,17.00,10.0,Ir,N,7.78,8.08,7.94,,-2.33
LVJ0616-5745,18.50,10.0,Ir,N,7.07,7.5,7.36,,-2.91
UGCA127sat,,10.0,Ir,L,8.76,,,-2.04,
UGCA127,,6.0,,,10.0,10.8,9.34,0.12,
WHIB0619-07,,8.0,,,9.45,9.72,8.94,-1.45,
N2146sat,21.90,-1.0,Tr,L,7.42,,,<-4.73,-4.37
ESO489-056,,10.0,Ir,N,7.68,6.04,7.36,-2.55,
HIPASSJ0630+08,,10.0,Ir,N,,,7.48,-4.26,
UGC03475,,6.0,,,8.94,10.11,9.25,-1.03,
UGC03476,,10.0,Ir,N,8.46,8.98,8.65,-1.36,
ESO490-017,,10.0,Ir,N,8.13,8.22,7.90,-1.70,
CGMW1-260,,8.0,,,9.44,10.14,8.71,-1.24,
UGC03501,18.00,10.0,Ir,N,8.15,8.62,8.31,-2.26,-1.65
Carina,21.40,-3.0,Sph,X,6.54,5.85,<3.64,,-7.58
IC2171,,8.0,,,9.05,9.29,8.38,-1.14,
NGC2283,,6.0,,,9.84,10.39,9.44,-0.12,
KKSG9,,9.0,BCD,N,8.72,9.42,8.64,-1.87,
KKH37,19.00,10.0,Ir,N,6.9,6.12,6.71,-3.84,-3.49
KKH38,,10.0,Ir,L,7.47,8.55,8.19,-2.50,
UGC03600,17.60,8.0,,,8.05,8.99,8.07,-2.44,-1.96
HIZSS003B,,10.0,Ir,N,8.16,7.27,7.60,-1.90,
HIZSS003,,10.0,Ir,N,8.56,8.47,8.34,-2.97,
FG202,,10.0,Ir,L,7.92,8.51,8.34,-2.13,
HIPASSJ0705-20,,0.0,,,,,8.65,-2.75,
ESO558-011,,8.0,,,9.0,9.41,7.93,-1.75,
NGC2337dwTBG1,21.50,9.0,Im,L,7.14,,,,-3.41
UGC03698,17.60,10.0,Ir,N,8.36,8.1,8.25,-1.85,-1.82
NGC2337,15.20,9.0,Im,N,9.34,9.96,8.96,-0.62,-0.77
UGC03755,16.40,10.0,Ir,N,8.43,7.97,8.28,-1.81,-1.71
UGC03817,17.90,10.0,Ir,L,8.43,7.97,8.17,-2.20,-2.17
DDO043,16.80,10.0,Ir,N,8.13,8.16,8.38,-1.90,-1.71
NGC2366,12.70,9.0,Im,N,8.7,9.17,8.63,-0.95,-1.12
ESO059-001,,9.0,Im,N,8.17,9.1,8.00,-2.15,
DDO044,22.50,-3.0,Sph,L,7.78,,<6.02,-5.19,-5.07
AGC174585,,10.0,Ir,N,6.94,5.95,6.89,-3.38,
NGC2403,10.70,6.0,,,9.86,10.71,9.26,-0.15,-0.08
LVJ0737+4724,20.00,10.0,Ir,N,7.61,7.71,7.76,-2.83,-2.48
DDO046,16.20,10.0,Ir,N,8.47,9.68,8.58,-2.00,-1.50
DDO047,15.00,8.0,,,8.74,9.4,8.82,-1.74,-1.30
KK65,17.60,10.0,Ir,N,8.11,7.66,7.70,-1.87,-2.33
MADCASHJ0742+65dw,>23.00,-2.0,Sph,L,5.86,,<4.83,<-5.19,<-5.26
KKH40,17.90,10.0,Ir,N,7.65,7.12,7.72,-2.41,-2.23
CGCG262-028,16.00,9.0,BCD,N,8.18,8.62,8.13,-1.39,-1.42
AGC174605,19.50,10.0,Ir,N,7.06,6.7,7.16,-3.56,-2.99
UGC04115,15.80,10.0,Ir,N,8.26,8.85,8.35,-1.81,-1.66
HIPASSJ0801-21,,10.0,Ir,N,7.79,8.14,7.97,<-3.16,
NGC2500,13.80,7.0,,,9.8,9.97,8.95,-0.38,-0.37
LVJ0812+4836,19.00,9.0,BCD,N,7.69,7.9,7.66,-2.70,-2.46
NGC2537,14.30,8.0,,,9.84,9.96,8.74,-0.41,-0.56
IC2233,14.90,7.0,,,9.22,10.07,9.12,>-0.75,-0.26
NGC2541,13.20,7.0,,,9.48,10.47,9.52,-0.28,0.09
HolmII,12.60,9.0,Im,N,9.2,9.41,8.63,-1.15,-1.04
NGC2552,14.60,8.0,,,9.51,10.05,8.88,-0.79,-0.65
ESO495-008,,10.0,Ir,N,8.52,8.9,8.26,-1.74,
AGC188955,18.50,10.0,Ir,N,7.61,7.48,7.48,-2.11,-2.24
KDG052,17.50,10.0,Ir,L,6.93,6.28,7.02,-5.23,-3.06
KUG0821+321,,9.0,BCD,N,7.83,8.15,7.70,-2.29,
Dw0827+6452,>23.50,-2.0,Sph,L,5.95,,,,<-5.37
DDO052,17.00,10.0,Ir,N,8.36,8.92,8.28,-2.43,-1.91
LVJ0831+4104,19.80,9.0,BCD,N,7.02,6.37,6.40,-4.45,-3.26
DDO053,15.60,10.0,Ir,N,7.34,7.79,7.64,-2.13,-2.20
ESO495-021,,9.0,BCD,H,9.56,9.52,8.28,-0.20,
UGC04483,16.00,10.0,Ir,N,7.09,7.39,7.61,-2.38,-2.40
AGC181604,18.50,10.0,Ir,N,7.58,6.9,8.01,,-2.26
LVJ0843+4025,19.10,9.0,BCD,N,6.92,5.83,6.43,-3.10,-2.99
ESO496-010,17.80,9.0,BCD,N,8.43,8.51,7.76,,-2.12
AGC182595,19.30,9.0,BCD,N,7.3,5.92,6.95,-2.91,-2.92
UMaII,22.30,-2.0,Sph,X,4.18,5.27,<1.91,<-9.16,-8.84
NGC2683,14.40,3.0,,,10.81,11.25,9.14,-0.10,-0.02
KK69,20.80,10.0,Ir,L,7.55,6.73,7.66,-3.57,-3.53
NGC2683dw1,21.10,10.0,Ir,L,6.85,,,-3.11,-3.51
N2683dw2,>23.00,-2.0,Sph,L,7.14,,,<-4.29,<-4.34
KK70,>23.00,-3.0,Sph,L,8.1,,<6.99,-4.32,<-4.38
KSP-DW1,>23.00,-1.0,Tr,L,7.8,,,,<-3.81
KSP-DW3,>23.00,-2.0,Sph,N,8.22,,,,<-3.55
KSP-DW4,>23.00,10.0,Ir,L,7.72,,,,<-3.54
UGC04704,16.10,8.0,,,8.93,9.84,8.99,-1.38,-0.89
LVJ0859+3923,19.20,9.0,BCD,N,7.34,7.25,7.10,,-2.88
PGC025409,17.60,9.0,BCD,N,7.61,,,,-2.26
LSBCD564-08,19.00,10.0,Ir,L,7.03,8.17,7.54,<-4.40,-2.83
ESO497-004,19.20,8.0,Sm,,8.85,8.95,8.23,-2.46,-1.97
KSP-DW6,>23.00,-2.0,Sph,L,6.99,,,,<-3.72
HIPASSJ0905-36,>23.00,10.0,Ir,N,8.21,8.73,8.35,,<-2.82
UGC04787,16.20,8.0,,,9.26,9.74,8.83,-1.19,-0.82
KKH46,18.10,10.0,Ir,N,7.16,6.86,7.44,-2.60,-2.67
KSP-DW11,>23.00,9.0,Im,L,7.16,,,,<-3.96
LSBCD634-03,21.10,10.0,Ir,N,7.28,8.32,6.70,<-4.42,-3.57
KSP-DW12,>23.00,10.0,Ir,L,6.18,,,,<-3.78
KK71,21.10,10.0,Ir,L,7.46,,<7.03,,-3.10
DDO056,,10.0,Ir,N,8.5,9.02,7.96,-2.03,
KSP-DW13,>23.00,-2.0,Sph,L,7.86,,,,<-3.85
Dw0910+7326,>23.50,-2.0,Sph,L,7.33,,,,<-5.41
KSP-DW14,>23.00,-2.0,Sph,L,7.84,,,,<-3.89
Dw0910+6942,>23.50,-2.0,Sph,L,7.16,,,,<-4.68
KSP-DW15,>23.00,-2.0,Sph,L,7.83,,,,<-3.96
KSP-DW17,>23.00,-1.0,Tr,L,8.38,,,,<-3.96
KSP-DW18,22.50,9.0,Im,N,6.58,,,,-3.71
KK72,23.70,-3.0,Sph,L,7.83,,<7.03,,-4.12
NGC2784dw01,>23.00,-3.0,Sph,L,8.41,,<7.03,,<-3.75
NGC2784,16.70,-2.0,,,10.8,,,-1.06,-1.21
KK73,20.70,-1.0,Tr,L,9.08,,<7.03,,-2.85
UGCA153,17.10,8.0,,,9.07,9.79,9.06,-1.42,-1.00
LVJ0913+1937,18.90,10.0,Ir,N,7.24,6.27,7.04,-2.93,-2.78
KK74,>23.00,-1.0,Tr,L,8.52,,,,<-4.06
KSP-DW20,>23.00,-2.0,Sph,L,7.45,,,,<-3.96
KSP-DW21,>23.00,-2.0,Sph,L,6.45,,,,<-3.96
AGC198507,20.00,9.0,BCD,N,6.95,7.42,7.28,>-3.92,-3.02
KSP-DW23,>23.00,-2.0,Sph,L,6.32,,,,<-4.09
UGC04879,16.00,9.0,BCD,N,6.99,6.05,5.99,-4.33,-3.28
KSP-DW24,>23.00,10.0,Ir,L,6.58,,,,<-4.04
Dw0916+6944,>23.50,10.0,Irr,L,6.41,,,,<-4.62
HIPASSJ0916-23b,18.30,10.0,Ir,N,8.47,7.76,7.51,-2.66,-2.16
KSP-DW28,22.30,-1.0,Tr,L,7.93,,,,-3.89
NGC2835,13.20,5.0,,,10.34,10.71,9.49,0.37,0.17
Dw0918+6935,>23.50,-2.0,Sph,L,6.85,,,,<-4.58
Dw0919+6932,>23.50,10.0,Tr,L,6.11,,,,<-4.59
UGC04918,19.70,9.0,Im,N,7.74,,,,-3.08
NGC2787,18.90,1.0,,,10.19,10.58,8.43,-2.21,-2.34
LSBCD565-06,20.60,10.0,Ir,N,7.34,6.59,6.76,<-4.75,-3.38
Dw0919+6955,>23.50,-2.0,Sph,L,7.04,,,,<-4.60
UGC04932,17.10,8.0,,,8.69,9.5,8.72,-1.61,-1.26
Dw0920+6924,>23.50,-2.0,Sph,L,6.73,,,,<-4.50
KSP-DW30,21.60,10.0,Ir,L,6.65,,,,-3.64
Dw0920+7017,>23.50,-2.0,Sph,L,7.22,,,,<-4.40
KJ78,19.30,10.0,Ir,L,6.95,,,-3.42,-2.83
DDO062,16.70,8.0,,,8.71,9.45,9.15,-1.61,-1.42
AGC198508,18.30,10.0,Ir,N,7.18,6.99,6.92,-2.52,-2.45
ESO565-003,17.50,10.0,Ir,N,8.2,7.56,7.63,-2.12,-1.95
MCG+09-16-010,17.50,8.0,,,8.0,,,-2.34,-2.05
UGC04998,18.40,9.0,BCD,N,8.71,9.01,7.04,-2.74,-2.55
LVJ0926+3343,18.10,8.0,,,7.29,8.05,7.80,-2.74,-2.39
NGC2915,15.60,9.0,BCD,H,8.74,9.27,8.64,-1.31,-1.16
[CKT2009]d0926+70,22.30,10.0,Tr,L,6.11,,<5.52,<-5.25,-4.30
UGC05047,,7.0,,,8.71,9.35,8.12,-2.22,
KDG056,19.60,10.0,Ir,L,7.44,6.57,7.19,-4.40,-2.99
NGC2903-HI-1,20.80,10.0,Ir,N,6.47,5.97,6.39,-2.97,-3.58
NGC2903,12.60,4.0,,,10.84,11.14,9.47,0.31,0.19
dw0932+1952,>23.00,-1.0,Sph,L,6.92,,,,<-4.50
ESO373-007,19.50,10.0,Ir,L,7.76,8.16,7.69,,-2.73
UGC05086,>23.00,-3.0,Sph,N,8.32,,,-4.63,<-4.45
LSBCD565-09,>23.00,-1.0,Sph,L,7.84,,,,<-4.39
[CKT2009]d0934+70,22.30,-3.0,Sph,X,7.18,,,<-5.07,-4.32
CGCG035-007,17.50,9.0,BCD,N,8.48,8.99,8.17,-1.98,-1.82
LeoT,19.50,10.0,Ir,L,4.94,5.49,5.63,<-5.92,-5.69
LVJ0935-1348,18.60,9.0,BCD,N,7.6,,<7.29,-2.58,-2.58
dw0936+2135,21.40,-1.0,Sph,L,7.58,,,,-3.80
[CKT2009]d0939+71,24.60,10.0,Sph,L,5.6,,,<-5.48,-5.79
LVJ0939-2507,,10.0,Ir,N,7.99,8.1,7.25,-2.20,
KISSB023,17.00,10.0,Ir,N,8.35,8.78,8.28,,-1.37
KUG0937+480,18.30,9.0,Im,N,7.62,,,-2.69,-2.36
KDG058,20.00,10.0,Ir,L,8.19,7.73,8.13,-3.62,-2.32
HolmI,15.00,10.0,Ir,N,8.05,7.97,8.05,-2.21,-1.85
UGC05186,18.40,10.0,Ir,N,7.71,8.05,7.49,-3.90,-2.58
AGC198691,20.10,10.0,Ir,N,6.5,7.09,7.26,-2.92,-3.06
LVJ0944-2254,,9.0,BCD,N,7.69,,<7.41,-2.38,
[CKT2009]d0944+69,>23.00,-3.0,Sph,X,5.88,,,<-5.08,<-4.94
[CKT2009]d0944+71,24.20,-1.0,Sph,L,7.41,,<5.51,<-5.13,-5.72
IC0559,16.70,9.0,BCD,N,8.25,8.81,8.00,-2.12,-1.85
F8D1,>23.00,-3.0,Sph,L,7.54,,<6.20,-4.40,<-4.96
UGC05209,18.20,10.0,Ir,N,7.88,8.48,7.53,-2.96,-2.44
FM1,>23.00,-3.0,Sph,L,7.7,,<6.21,-4.95,<-5.02
NGC2976,13.80,7.0,,,9.44,9.16,8.05,-1.06,-1.33
AGC191803,18.60,9.0,Im,N,8.04,8.32,7.97,,-2.21
KK77,>23.00,-3.0,Sph,L,8.1,,<6.21,-4.95,<-4.78
KK78,18.60,10.0,Ir,N,7.29,6.08,7.73,-2.76,-2.51
DDO064,15.10,10.0,Ir,N,8.41,9.02,8.61,-1.30,-1.12
UGC05288,16.00,9.0,BCD,N,8.85,9.1,8.74,-1.32,-1.34
NGC3037,15.90,8.0,,,8.9,9.49,8.52,-1.06,-1.22
BK3N,19.40,10.0,Ir,N,6.12,5.83,7.29,-5.23,-3.49
LVJ0954+3620,19.80,10.0,Ir,N,7.13,7.43,6.86,,-3.08
KKSG15,18.00,10.0,Ir,N,8.24,8.33,7.77,-2.77,-2.31
[CKT2009]d0955+70,>23.00,-3.0,Sph,X,6.48,,,<-5.24,<-4.85
MESSIER081,11.50,3.0,,,10.95,11.28,9.46,0.00,0.04
JKB83,21.00,10.0,Ir,N,5.63,,,-3.49,-4.24
MESSIER082,12.60,8.0,,,10.59,9.87,8.97,0.21,-0.40
LVJ0956-0929,19.10,9.0,BCD,N,7.95,8.39,6.87,-2.81,-2.70
DDO068C,19.30,10.0,Ir,N,7.53,6.21,7.44,<-3.92,-2.67
DDO068,15.20,10.0,Ir,N,8.4,8.94,8.95,-1.51,-1.04
KDG061,22.40,-1.0,Sph,N,8.11,,,<-4.67,-4.82
KDG61em,19.80,10.0,Ir,N,5.98,,,-3.18,-3.79
PGC154449,18.30,9.0,BCD,N,7.94,,<7.34,,-2.36
ClumpI,>23.00,10.0,Ir,N,5.57,,,<-4.88,<-5.07
A0952+69,18.00,10.0,Ir,L,6.87,8.06,7.02,-3.21,-2.96
HolmIX,15.60,10.0,Ir,N,7.75,8.56,8.45,-2.84,-2.03
PGC28789,17.40,8.0,,,8.05,,,,-2.09
AGC718245,18.90,10.0,Ir,N,7.6,6.64,7.09,,-2.67
[CKT2009]d0958+66,18.80,9.0,BCD,N,7.12,5.96,5.87,-4.27,-3.38
AGC198712,19.30,10.0,Ir,N,6.97,7.23,7.15,,-2.85
LeoA,14.70,10.0,Ir,N,6.86,6.07,6.97,-4.10,-3.29
[CKT2009]d0959+68,19.90,10.0,Ir,L,6.44,,,-4.04,-3.65
KKSG16,>23.00,-3.0,Sph,L,7.85,,<7.03,,<-4.21
SexB,13.90,10.0,Ir,N,7.83,7.97,7.71,-2.88,-2.37
dw1000-0741,23.00,10.0,Ir,L,7.08,,,,-4.37
dw1000-0821,>23.00,9.0,Im,L,7.77,,,,<-4.30
KKH57,>23.00,-3.0,Sph,L,6.97,,<5.46,-5.02,<-5.22
LVJ1000+5022,,9.0,Im,N,7.58,,,-2.55,
LVJ1000+3032,19.80,10.0,Ir,N,7.11,6.02,6.68,-3.53,-3.05
ClumpIII,>23.00,10.0,Ir,L,5.57,,,-4.18,<-5.07
MCG-01-26-009,18.00,10.0,Ir,N,7.85,8.21,7.71,-2.31,-2.32
KKSG17,18.40,10.0,Ir,N,8.19,8.36,7.74,-3.09,-2.40
UGCA193,16.60,7.0,,,8.54,9.59,8.58,-1.84,-1.42
NGC3109,12.00,8.0,,,8.58,9.37,8.38,-1.76,-1.37
NGC3077,14.20,9.0,dEem,N,9.57,9.34,8.80,-1.06,-1.48
GARLAND,17.00,10.0,Ir,X,6.81,,<7.54,-2.17,-2.64
ESO499-038,16.80,10.0,Ir,N,8.27,8.67,8.53,,-1.54
NGC3104,14.60,8.0,,,9.23,9.73,9.04,-0.77,-0.53
Antlia,17.10,10.0,Tr,L,6.5,6.06,5.95,,-3.52
BK5N,23.80,-3.0,Sph,L,7.18,,,-5.13,-5.40
UGC05427,16.40,8.0,,,8.54,8.95,7.87,-1.92,-1.59
KDG063,>23.00,-3.0,Tr,L,8.06,6.72,6.95,-4.14,<-4.98
NGC3115,16.10,-1.0,,,10.95,10.5,8.75,<-4.00,-1.14
UGC05423,17.20,10.0,Ir,N,8.42,8.19,7.86,-1.85,-1.95
d1005+68,>23.00,-2.0,Sph,X,5.92,,,,<-5.05
KDG065,23.20,-3.0,Sph,L,8.39,,,,-4.49
KKSG18,19.40,-1.0,dEn,H,9.27,,,-2.81,-2.83
dw1006-0730,21.70,-1.0,Sph,L,7.49,,,,-3.78
dw1006-0732,21.40,-1.0,Sph,L,7.23,,,,-3.63
dw1006-0730-n2,>23.00,10.0,Ir,L,6.2,,,,<-4.46
[CKT2009]d1006+67,>23.00,-3.0,Sph,X,6.31,,,<-5.33,<-5.06
KDG064,24.10,-3.0,Tr,L,7.99,,,-4.44,-5.51
UGC05456,15.30,9.0,Im,N,8.71,8.66,8.26,-1.26,-1.16
KKH58,16.40,8.0,,,8.67,9.11,8.47,-1.11,-1.20
IKN,>23.00,-3.0,Sph,X,8.42,,<6.20,-4.91,<-5.07
AGC208477,19.60,9.0,BCD,N,6.95,5.87,6.94,,-2.95
PGC1099440,17.40,9.0,BCD,H,8.04,8.85,7.69,,-1.96
[CKT2009]d1009+70,21.10,-1.0,Sph,L,7.9,,,<-4.36,-3.29
SexA,12.90,10.0,Ir,N,7.57,8.44,7.90,-2.33,-1.92
UGC05497,18.00,9.0,BCD,N,7.19,6.11,6.02,>-3.65,-3.22
SexDSph,21.50,-3.0,Sph,X,6.42,5.87,<4.01,,-7.77
[CKT2009]d1014+68,22.10,-1.0,Sph,X,6.12,,<5.69,<-5.08,-4.73
[CKT2009]d1015+69,23.90,-1.0,Sph,X,6.06,,,<-5.19,-5.39
KUG1013+414,18.30,8.0,,,8.32,,,,-2.37
LVJ1017+2922,,9.0,BCD,N,7.71,8.29,7.35,-2.92,
NGC3184,12.50,6.0,,,10.52,10.8,9.28,-0.02,-0.05
LVJ1018+4109,>23.00,-1.0,Sph,L,7.71,,,<-4.25,<-4.28
PGC30114,16.20,8.0,,,8.19,,,-1.45,-1.58
UGC05571,17.20,9.0,Im,L,7.49,8.17,8.09,-2.57,-2.24
HIJASSJ1021+6842,,11.0,Ir,X,,,7.51,-4.13,
HS117,21.70,10.0,Tr,L,6.89,6.25,5.01,-4.82,-4.32
LVJ1021+0054,18.50,10.0,Ir,N,7.21,7.78,7.33,-2.81,-2.58
LeoP,,10.0,Ir,N,5.89,5.37,5.73,-4.27,
AGC731448,18.50,9.0,BCD,N,7.66,7.71,7.35,,-2.51
KKSG19,>23.00,10.0,Ir,L,7.74,7.81,7.87,,<-4.10
NGC3239,13.10,8.0,,,9.74,10.12,9.11,-0.23,-0.18
DDO078,21.90,-3.0,Sph,L,8.37,,,-5.07,-4.82
UGC05672,17.40,8.0,,,8.63,9.11,8.14,-2.14,-2.16
IC2574,12.40,8.0,,,9.06,9.65,9.04,-1.00,-0.80
LVJ1028+4240,18.10,10.0,Ir,N,7.33,,,-3.12,-2.41
[CKT2009]d1028+70,18.20,10.0,BCD,N,7.01,6.08,6.12,-3.64,-3.21
AGC749315,20.00,9.0,BCD,N,6.6,7.01,6.86,-4.04,-3.17
DDO082,16.80,9.0,Im,N,8.39,7.28,6.46,-2.56,-2.60
LVJ1030+0607,18.40,10.0,Ir,N,7.36,6.94,7.16,-3.22,-2.73
AGC731457,18.10,10.0,Ir,N,7.62,7.5,7.21,-2.68,-2.32
NGC3274,14.50,7.0,,,8.83,9.6,8.76,-1.06,-0.94
BK6N,>23.00,-3.0,Sph,L,7.25,,,-5.12,<-5.34
UMaI,>23.00,-3.0,Sph,X,4.87,5.56,<3.80,<-8.28,<-8.36
AGC202248,19.20,10.0,Ir,N,7.98,8.56,7.84,,-2.13
PGC2277751,19.30,9.0,BCD,N,7.45,,,-3.45,-2.75
ESO501-023,14.70,8.0,,,9.2,9.38,8.86,,-0.87
LeG03,,8.0,,,8.16,8.81,8.34,-3.04,
KUG1033+366B,18.50,9.0,Im,N,7.64,,,-2.45,-2.41
NGC3299,16.50,8.0,,,8.96,9.69,8.07,-1.42,-1.63
DDO083,16.40,10.0,Ir,N,8.03,9.2,8.56,-1.86,-1.59
AGC205165,18.90,9.0,Im,N,7.79,7.23,6.87,,-2.62
AGC200499,,9.0,BCD,H,9.5,9.97,9.06,-1.22,
AGC208397,20.90,10.0,Ir,L,6.46,6.96,7.01,,-3.42
UGC05797,17.10,9.0,BCD,N,8.63,8.76,8.00,-2.14,-1.92
LeG04,>23.00,10.0,Tr,L,6.85,,<6.93,,<-4.29
LeG05,20.70,10.0,Tr,N,7.62,6.18,6.31,,-3.39
LeG06,21.20,10.0,Ir,L,7.03,6.3,6.85,<-4.31,-3.55
AGC208399,>23.00,10.0,Ir,L,6.51,7.81,7.41,<-3.41,<-4.32
UGC05812,17.90,8.0,,,8.23,8.53,7.60,,-2.26
[CKT2009]d1041+70,>23.00,-2.0,Sph,X,6.36,,<5.23,<-5.07,<-5.06
FS04,18.70,8.0,,,8.15,7.86,7.46,,-2.56
LeG09,>23.00,-2.0,Sph,L,8.04,,<7.07,,<-4.32
DDO084,14.20,8.0,,,8.84,9.53,8.97,-1.08,-0.80
N3344dw1,>23.00,10.0,Ir,L,5.89,,,<-4.24,<-4.26
NGC3344,12.60,4.0,,,10.33,10.78,9.44,-0.08,-0.13
dw1043+1415,>23.00,-1.0,Sph,L,7.09,,,,<-4.16
LeG10,23.40,10.0,Ir,N,6.65,,<7.09,,-4.47
NGC3351,13.50,3.0,,,10.65,10.81,8.94,-0.18,-0.33
LeG11,>23.00,10.0,Tr,L,6.82,,<7.25,,<-4.28
LeG12,21.10,10.0,Ir,N,6.94,,<7.41,,-3.51
AGC205445,21.70,-1.0,Tr,N,8.53,,,,-3.71
dw1044+1351,>23.00,-1.0,Sph,L,7.17,,,,<-4.21
LeG13,19.70,10.0,Ir,N,7.22,5.95,6.72,<-3.64,-3.04
dw1045+14b,>23.00,10.0,Tr,L,6.33,,,,<-4.30
dw1045+16,>23.00,-2.0,Sph,L,7.51,,,,<-4.31
dw1045+13,>23.00,-2.0,Sph,L,7.12,,,,<-4.29
LeG14,>23.00,-3.0,Sph,L,7.51,,<7.03,,<-4.34
KK93,>23.00,-3.0,Sph,N,7.76,,<7.01,,<-4.36
LeG16,>23.00,-2.0,Tr,L,7.73,,,,<-4.25
NGC3368,14.20,3.0,,,10.83,11.14,9.18,-0.36,-0.54
LeG18,23.20,10.0,Tr,L,7.02,8.02,7.13,,-4.39
LeG19,>23.30,-1.0,Sph,L,7.6,,,<-4.20,<-4.33
KK94,23.10,10.0,Tr,L,7.32,7.96,7.67,,-4.35
dw1047+16,>23.00,10.0,Ir,L,7.01,,,,<-4.31
LeG21,22.70,10.0,Ir,L,6.75,6.07,7.18,,-4.08
NGC3368dwTBG,>23.00,-2.0,Sph,X,7.17,,,,<-4.31
M96-DF7,>23.00,-2.0,Sph,X,7.44,,,,<-4.34
DDO088,16.60,9.0,Im,N,8.55,9.26,8.10,-2.00,-1.74
M96-DF2,>23.00,-2.0,Sph,X,7.05,,,,<-4.30
ESO318-013,16.90,8.0,,,8.18,8.32,8.06,,-2.05
NGC3377,18.10,-2.0,,,10.38,,,-1.79,-2.29
BST1047+1156,21.70,10.0,Ir,X,6.31,6.68,7.60,,-3.78
NGC3379,,-3.0,,,10.92,,,-3.10,
M96-DF1,>23.00,-2.0,Sph,X,7.11,,,,<-4.31
NGC3384,,-1.0,,,10.56,,,<-4.37,
dw1048+13,>23.00,-2.0,Sph,L,7.01,,,,<-4.27
PGC032348,>23.00,-1.0,dE,N,8.94,,<7.18,,<-4.08
UGC05923,17.50,7.0,,,9.35,9.61,8.49,-1.26,-1.35
dw1049+12a,24.20,10.0,Ir,L,6.5,,,,-4.67
dw1049+15,>23.00,10.0,Ir,L,6.81,,,,<-4.31
Willman1,21.20,-2.0,Sph,X,3.72,4.5,<2.96,<-9.07,-8.51
dw1049+12b,>23.00,-2.0,Sph,L,7.34,,,,<-4.28
DDO087,16.50,10.0,Ir,L,8.43,9.21,8.35,-2.37,-1.90
LeG22,>23.00,10.0,Tr,L,7.14,,,,<-4.29
MRK1265,17.50,9.0,BCD,N,7.27,6.95,7.18,,-2.38
AGC740112,24.00,-1.0,Tr,L,7.94,7.52,7.04,,-4.65
UGC05944,23.40,-1.0,dE,N,8.6,,,,-4.38
KK96,23.20,-3.0,Sph,L,8.08,,,,-4.40
NGC3412,18.40,-1.0,,,10.36,,<7.88,-1.44,-2.40
LSBCD640-11,22.90,-1.0,Sph,L,8.39,,,,-4.22
dw1051+11,>23.00,-2.0,Sph,L,7.79,,,,<-4.31
Dw1051+6416,>23.50,-2.0,Sph,L,6.48,,,,<-4.67
NGC3413,15.50,8.0,,,9.34,9.66,8.83,-0.92,-1.04
LeG26,21.60,-2.0,Sph,N,8.38,,<7.40,,-3.77
AGC205540,23.90,10.0,Tr,N,7.14,,<7.53,,-4.65
KKH65,>23.00,-2.0,Sph,L,8.02,,,,<-4.36
AGC205544,>23.00,-1.0,dE,N,8.18,,<7.41,,<-4.32
LVJ1052+3628,19.20,10.0,Ir,N,7.04,,,-3.48,-2.93
UGC05983,20.40,10.0,Ir,N,7.8,,,,-3.39
AGC202456,>23.00,-1.0,dE,N,8.55,,<7.41,,<-4.31
LeG27,22.00,-2.0,Tr,L,7.58,,,,-3.92
NGC3432,13.40,8.0,,,9.64,10.31,9.51,-0.16,-0.01
LVJ1052+3639,16.90,10.0,Ir,N,7.88,,,-1.94,-2.01
KDG073,18.80,10.0,Ir,L,6.6,6.42,6.56,-4.72,-3.56
LeG28,>23.00,10.0,Tr,L,7.01,,,,<-4.30
UGC06014,17.30,9.0,Im,N,8.78,9.15,8.22,-1.95,-1.53
dw1055+11,>23.00,-2.0,Sph,L,7.86,,,,<-4.33
LSBCD640-12,21.70,10.0,Ir,L,6.96,6.03,6.41,,-3.80
LSBCD640-13,17.90,10.0,Ir,N,7.56,7.27,7.63,,-2.29
HS1053+3624,18.30,10.0,Ir,N,7.11,8.04,7.71,-2.58,-2.54
ESO215-009,19.20,10.0,Ir,N,7.78,8.65,8.85,,-2.69
VV747,16.60,10.0,Ir,N,8.02,,,-1.71,-1.85
LSBCD640-14,22.90,-2.0,Sph,L,7.61,,,,-4.30
AGC205278,20.50,10.0,Ir,N,7.51,7.74,7.06,,-3.22
dw1059+11,>23.00,10.0,Ir,L,6.63,,,,<-4.33
NGC3489,16.70,0.0,,,10.53,9.67,7.36,-1.74,-1.62
LeG33,23.80,10.0,Tr,L,6.88,,,,-4.64
LSBCD640-08,23.60,-3.0,Sph,N,8.23,,,,-4.59
dw1101+11,>23.00,10.0,Ir,L,6.43,,,,<-4.33
KDG74,>23.50,-2.0,Sph,L,6.68,,,,<-5.42
SMDG1103517+284120,21.10,10.0,Tr,L,6.86,6.99,7.22,,-3.69
CGCG066-109,17.70,10.0,Ir,N,7.82,8.03,7.64,-2.45,-2.24
KKSG20,22.10,10.0,Ir,N,7.55,6.67,6.14,,-3.93
MRK0036,15.90,9.0,BCD,H,7.59,7.85,7.44,-1.31,-1.60
UGC06145,18.40,10.0,Ir,L,7.83,8.2,7.97,<-3.07,-2.35
NGC3521sat,>23.00,-1.0,Sph,X,8.62,,,,<-4.19
NGC3521,13.50,4.0,,,11.09,11.32,9.65,0.50,0.12
KKSG22,>23.00,10.0,Ir,L,7.32,,<7.18,,<-4.14
NGC3521dwTBG,>23.00,-2.0,Sph,L,8.0,,,,<-4.11
dw1110+0037,21.30,10.0,Ir,N,7.5,,,,-3.52
NGC3556,13.50,6.0,,,10.52,10.52,9.42,-0.04,0.10
Dw1111+1338,>23.50,-2.0,Sph,L,6.87,,,,<-4.48
DDO092,16.10,9.0,Im,N,8.02,8.5,8.32,-1.76,-1.61
LeoII,22.30,-3.0,Sph,L,6.72,6.27,<3.44,,-7.29
NGC3593,17.00,1.0,,,10.43,10.48,8.33,-0.55,-1.55
AGC202256,19.20,10.0,Ir,N,7.36,7.72,7.25,,-2.74
IC2684,19.30,10.0,Tr,N,7.87,6.78,7.16,,-2.83
NGC3621,12.40,7.0,,,10.34,10.72,9.62,0.25,0.10
NGC3623,15.10,2.0,,,11.1,11.29,8.63,,-0.12
AGC215286,21.40,10.0,Tr,L,7.71,7.38,7.26,,-3.57
AGC202257,17.90,10.0,Irr,N,7.8,8.28,8.03,,-2.18
AGC215354,20.90,9.0,BCD,N,7.36,,<7.40,,-3.47
Dw1119+1011,20.40,9.0,BCD,H,7.13,,,,-3.23
PGC034671,19.00,9.0,BCD,N,7.67,,,-3.24,-2.81
NGC3627,12.90,4.0,,,11.08,11.14,9.08,0.43,0.26
NGC3628,14.30,4.0,,,10.96,11.4,9.79,,-0.07
dw1120+1337,24.30,10.0,Tr,L,8.42,,,,-4.78
AGC213436,22.20,-1.0,dE,N,8.36,,,,-3.87
IC2782,22.50,-2.0,dE,N,8.12,,,,-4.12
KKH67,>23.00,-2.0,Sph,X,7.63,,,,<-4.34
IC2787,,9.0,BCD,N,8.26,9.01,7.33,<-4.51,
IC2791,20.00,9.0,Im,N,7.47,6.27,6.67,,-3.15
UGC06456,15.30,10.0,Ir,N,7.66,7.71,7.82,-1.79,-1.89
UGC06451,17.80,9.0,Im,N,6.88,,,,-3.02
AGC213091,21.90,10.0,Ir,N,7.01,,<7.22,,-3.76
KDG078,>23.00,-1.0,Tr,N,8.29,7.03,6.83,<-4.36,<-4.37
KKH68,19.00,10.0,Ir,N,7.56,6.48,7.52,,-2.85
LeoV,>23.00,-3.0,Sph,X,4.46,5.19,<2.59,,<-7.83
HIPASSJ1131-31,19.20,10.0,Ir,L,6.79,6.63,7.35,,-2.97
LeoIV,22.80,-3.0,Sph,X,4.63,5.66,<2.78,<-7.16,-7.86
UGC06541,15.50,10.0,Ir,N,7.83,6.72,7.04,-1.98,-2.11
KKH69,18.40,10.0,Ir,N,7.39,6.16,7.31,,-2.77
NGC3738,13.90,9.0,BCD,N,8.92,9.09,8.06,-1.37,-1.26
NGC3741,15.30,9.0,BCD,N,7.43,8.4,7.93,-2.39,-2.26
Crater,>23.00,-3.0,dE,N,5.05,5.27,<4.11,,<-7.89
ESO320-014,18.80,10.0,Ir,N,7.73,8.02,7.32,,-2.70
[KK98]108,21.90,10.0,Tr,L,6.6,,,,-4.51
UGC06757,18.10,10.0,Ir,N,7.12,,,-3.78,-3.02
KK109,20.70,10.0,Ir,L,6.35,5.81,6.54,-5.39,-4.12
DDO097,17.10,10.0,Ir,N,8.53,9.7,8.42,-1.93,-1.67
LVJ1149+1715,22.10,9.0,BCD,N,6.56,,<6.51,,-4.38
KKH73,>23.00,10.0,Tr,L,7.26,6.97,6.98,<-4.23,<-4.48
DDO099,15.00,10.0,Ir,N,7.42,7.69,7.75,-2.64,-2.28
Grapes,,10.0,Ir,L,6.42,,,-4.10,
PGC3401153,19.20,9.0,BCD,N,7.19,,,-3.71,-2.92
AGC215145,>23.00,10.0,Ir,L,6.52,7.44,7.38,,<-4.52
ESO379-007,,10.0,Ir,L,7.35,7.25,7.54,-3.62,
UGC06881,17.70,10.0,Ir,N,8.38,9.14,8.27,,-1.74
PGC4561602,22.20,-2.0,dEn,N,7.37,,,,-4.54
KDG81,18.40,10.0,Ir,L,7.8,8.32,7.33,,-2.57
MCG+05-28-046,18.10,9.0,Im,N,8.51,9.08,8.21,,-1.62
KDG082,17.80,8.0,,,8.92,9.53,8.08,-1.76,-1.76
NGC3990,,-1.0,,,9.52,,,<-4.10,
LVJ1157+56sat,22.90,10.0,Ir,L,5.73,,,<-3.52,-4.57
LVJ1157+5638,18.50,10.0,Ir,N,7.33,,,>-2.15,-2.67
LVJ1158+1535,20.70,10.0,Ir,N,6.47,,<6.77,,-3.91
BTS76,20.60,10.0,Ir,N,7.53,,,-2.97,-3.17
ESO572-034,,9.0,BCD,H,8.76,8.65,8.30,-1.04,
KUG1157+315,16.70,8.0,,,8.5,8.89,7.99,,-1.46
LVJ1203+4739,18.60,10.0,Ir,N,7.2,,,,-2.79
LVJ1203+3257,21.00,8.0,,,7.35,,,,-3.90
NGC4068,14.50,9.0,Im,N,8.3,8.41,8.08,-1.82,-1.65
NGC4080,16.30,8.0,,,9.36,9.6,8.24,-1.23,-1.12
IC2992,16.70,9.0,BCD,N,8.55,8.52,7.73,-1.77,-1.63
KUG1202+286,17.30,8.0,,,7.76,8.09,7.22,,-2.34
[KK98]121,21.90,-2.0,Sph,L,8.9,,,,-3.94
PGC4310323,20.50,7.0,,,7.05,,,,-3.76
LVJ1205+2813,18.70,8.0,,,7.84,8.7,7.60,,-2.48
PGC4560429,>23.00,-2.0,dE,N,7.22,,,,<-4.89
MAPS1206+31,18.90,8.0,,,7.64,,,-3.17,-3.09
LVJ1207+3133,20.20,8.0,,,7.55,7.85,7.30,,-3.07
UGC07131,17.30,8.0,,,8.59,9.39,8.59,,-1.46
NGC4136,13.70,5.0,,,9.24,9.96,8.52,-1.17,-0.95
MCG+06-27-017,17.40,9.0,Im,N,7.89,,,-3.71,-2.71
NGC4144,14.10,7.0,,,9.25,9.79,8.71,-0.92,-0.81
IC3023,16.80,10.0,Ir,N,8.37,8.52,8.26,,-1.35
MADCASH-2,>23.00,10.0,Tr,L,5.63,,<4.77,,<-5.43
N4258dwC,>23.00,-2.0,Sph,L,7.15,,,,<-4.60
NGC4150,18.30,-1.0,,,10.0,,,-2.02,-2.21
NGC4163,15.50,9.0,Im,N,7.92,7.82,7.17,-2.96,-2.40
[KK98]125,22.00,10.0,Ir,L,7.13,,,,-4.17
KK127,17.40,8.0,,,8.19,8.83,8.34,,-1.65
NGC4190,15.00,9.0,BCD,N,7.9,8.5,7.47,-2.42,-2.22
AGC732009,19.10,10.0,Ir,N,7.76,8.13,7.41,-1.95,-2.34
ESO321-014,17.20,10.0,Ir,N,7.29,6.03,7.25,-3.06,-2.74
UGC07242,16.20,10.0,Ir,N,7.92,8.27,7.69,-2.75,-2.17
Dw1214+2101,23.50,-2.0,Sph,L,6.65,,,,-4.84
Dw1214+2945,21.30,10.0,Tr,N,7.01,,,,-4.03
VCC0114,18.60,10.0,Ir,N,7.64,7.39,7.53,-3.13,-2.78
KDG090,>23.00,-2.0,Tr,L,7.59,,,-5.10,<-5.40
UGC7257,15.20,8.0,,,8.6,9.13,8.62,-1.02,-1.01
NGC4204,14.60,7.0,,,9.12,9.71,8.57,-1.05,-1.11
UGC07267,16.50,8.0,,,8.77,9.4,8.58,-1.71,-1.39
Dw1215+2041,>23.50,10.0,Tr,L,6.51,,,,<-4.83
UGC07271,16.60,7.0,,,8.59,9.53,8.69,-1.45,-1.19
NGC4214,11.70,8.0,,,8.98,9.16,8.46,-0.85,-0.90
MCG+09-20-131,16.80,10.0,Ir,N,7.5,6.7,7.37,-2.84,-2.53
LVJ1215+4732,>23.00,10.0,Ir,L,6.81,,,,<-4.24
VCC0169,21.20,10.0,Ir,L,7.55,6.42,8.04,-3.42,-3.69
IC3077,20.30,9.0,BCD,N,8.16,8.54,6.97,-2.87,-3.31
M106edgeN4217,>23.00,-2.0,Sph,L,7.39,,,,<-4.60
UGC07298,17.50,10.0,Ir,N,7.24,5.95,7.27,-4.25,-2.88
NGC4236,11.90,8.0,,,9.61,10.19,9.14,-0.61,-0.40
LVJ1217+4703,23.80,10.0,Tr,L,7.16,,<6.93,<-4.09,-4.39
UGC07320,18.40,10.0,Ir,N,8.04,8.31,7.54,-2.95,-2.61
NGC4244,12.90,6.0,,,9.52,10.17,9.19,-0.90,-0.50
NGC4242,14.00,7.0,,,9.43,9.86,8.66,-1.08,-0.95
LVJ1217+3231,20.20,9.0,Im,N,7.19,,,,-3.04
UGC7321,16.30,7.0,,,9.56,10.54,9.33,-0.95,-0.23
KKH78,22.80,10.0,Ir,L,6.54,,,<-4.96,-4.95
NGC4248,17.00,8.0,,,8.82,8.9,7.79,-1.92,-2.22
LVJ1218+4655,18.40,8.0,,,7.49,,,-3.79,-2.68
AGC229053,19.90,10.0,Ir,N,7.33,7.72,7.45,,-2.88
KDG098,22.20,-1.0,Tr,N,8.3,,,,-4.11
PGC4555586,21.40,-1.0,Tr,L,7.85,,,,-4.07
IC3104,,9.0,Im,N,8.41,8.01,6.94,-2.34,
BTS116,>23.00,-3.0,dE,N,7.6,,,,<-5.32
NGC4258,12.00,4.0,,,10.92,11.32,9.62,0.44,0.40
KK132,24.50,-1.0,Sph,L,7.31,,,,-5.22
KDG101,22.70,-1.0,Tr,N,8.41,,,-3.92,-4.49
PGC039646,18.30,9.0,BCD,N,7.44,7.57,6.57,-3.22,-3.08
KK133,19.40,10.0,Ir,L,7.04,7.95,6.89,,-3.10
KK134,22.30,-3.0,Sph,N,8.39,,,,-3.87
KK135,18.70,10.0,Ir,L,6.49,,5.97,-3.37,-3.19
d1219+4705,>23.00,-3.0,Sph,L,7.75,,,,<-4.14
IC779,21.50,-1.0,dE,N,9.04,,,,-3.30
PGC213976,22.40,-2.0,Sph,L,7.72,,,,-4.50
VCC0381,18.70,10.0,Ir,L,8.02,7.16,8.23,,-2.25
PGC39764,16.70,-2.0,,,11.01,11.58,8.74,,-1.33
[KKH2011]S11,22.50,-3.0,Sph,L,6.63,,,,-4.21
NGC4288,14.70,7.0,,,8.63,9.76,8.63,-1.23,-1.10
KK136,,-3.0,Sph,N,8.37,,,<-3.69,
CVnHI,24.40,11.0,Ir,X,,,6.58,,-5.15
VCC0429,19.30,9.0,BCD,,7.13,7.09,6.57,,-3.13
KUG1218+387,16.90,9.0,BCD,N,7.86,7.54,7.65,-2.79,-2.19
d1220+4649,23.60,-3.0,Sph,L,7.02,,,,-4.80
DDO120,16.20,9.0,Im,N,8.73,8.16,8.04,-4.14,-1.94
PGC1853813,21.00,-2.0,dE,N,7.44,,,,-3.92
KDG104,20.50,10.0,Ir,L,7.61,6.39,7.06,,-3.38
HydraII,>23.00,-2.0,Sph,X,4.58,,<2.31,,<-7.99
KDG105,19.80,10.0,Ir,L,7.37,7.78,7.35,,-3.30
UGC7427,,10.0,Ir,N,7.89,7.67,7.76,-2.17,
NGC4308,20.60,-1.0,,,9.36,,,,-3.08
KK138,>23.00,10.0,Tr,L,6.41,,<6.25,<-4.66,<-4.75
KKSG27,18.30,9.0,Im,L,6.88,6.14,7.36,,-2.76
GR34,19.00,10.0,Ir,L,7.88,6.89,6.97,-3.45,-2.82
PGC4323538,>23.00,-1.0,dEn,N,7.74,,,,<-4.78
VCC0565,19.20,10.0,Ir,N,7.5,7.07,7.06,-3.34,-2.85
KK141,18.20,10.0,Ir,N,7.11,6.81,7.26,-2.76,-2.61
PGC40195,21.40,-2.0,dEn,N,7.74,,,,-4.17
IC3247,18.20,7.0,,,9.26,9.94,8.52,,-1.28
BTS132,23.60,-3.0,Sph,L,7.36,,,,-4.86
BTS133,18.60,10.0,Ir,L,7.05,7.13,7.51,,-2.71
PGC5059199,,10.0,Ir,L,5.25,7.28,6.06,-4.72,
N4258dwB,>23.00,-2.0,Sph,L,7.42,,,,<-4.61
UGC07485,17.90,9.0,BCD,N,8.12,7.77,7.12,,-2.51
Dw1224+3938,23.40,10.0,Tr,L,6.59,,,,-4.61
IC3308,,8.0,,,8.53,9.31,8.57,-1.84,
KK144,17.30,10.0,Ir,L,7.24,7.64,7.84,-3.28,-2.50
UGC07512,17.40,10.0,Ir,N,8.35,8.7,8.36,-2.35,-1.97
VCC0841,19.00,9.0,Im,N,7.84,7.84,7.01,,-2.91
NGC4395,11.80,8.0,,,9.47,10.09,9.08,-0.75,-0.47
DDO123,,8.0,,,8.62,9.19,8.88,>-1.80,
UGCA281,15.30,10.0,Ir,N,7.82,8.15,7.77,-1.29,-1.78
SBS1224+533,17.40,9.0,BCD,N,7.42,,,>-2.88,-2.53
ComaI,>23.00,-3.0,Sph,X,4.24,5.01,<1.63,,<-9.11
DDO126,15.20,10.0,Ir,N,8.09,8.44,8.03,-2.06,-1.85
DDO125,15.00,9.0,Im,N,8.06,7.23,7.44,-2.84,-2.32
UGC07584,17.20,9.0,BCD,N,7.74,7.65,7.78,-2.46,-2.10
KKH80,18.30,10.0,Ir,L,7.18,6.26,6.95,-4.21,-2.85
NGC4449,11.00,8.0,,,9.68,9.54,8.65,-0.20,-0.24
DDO127,16.20,10.0,Ir,N,7.64,8.17,7.67,-3.30,-2.29
UGC07596,18.50,10.0,Ir,N,7.65,6.95,6.26,-4.06,-3.21
UGC07605,15.90,10.0,Ir,N,7.71,6.95,7.38,-2.56,-2.18
NGC4455,14.60,7.0,,,8.74,9.22,8.41,-1.40,-1.25
DDO129,14.90,8.0,,,8.81,9.08,8.59,-1.47,-1.22
LVJ1228+4358,>23.00,-1.0,Tr,L,7.93,,,<-5.01,<-5.13
NGC4460,15.70,1.0,,,9.66,9.31,8.08,-0.76,-1.47
KK149,17.50,10.0,Ir,N,8.15,8.27,7.73,-2.53,-2.26
Dw1229+4109,>23.50,-2.0,Sph,L,7.17,,,,<-4.65
UGC07639,16.20,9.0,Im,N,8.33,8.11,7.62,-2.94,-1.97
UGC07636,19.10,10.0,Ir,N,7.76,6.63,6.17,,-3.35
UGC07642,17.00,9.0,Im,N,8.15,7.87,7.73,-2.19,-1.95
KK151,17.30,9.0,Im,N,7.79,7.61,7.50,-2.77,-2.25
NGC4485,13.70,8.0,,,8.99,9.7,8.94,-0.70,-0.62
AGC229379,22.00,10.0,Ir,L,6.55,5.88,6.70,,-4.20
NGC4490,12.20,7.0,,,10.28,10.14,9.59,0.28,0.08
AGC724906,19.40,10.0,Ir,N,7.09,6.47,7.02,-4.42,-3.18
CGCG014-054,17.80,9.0,Im,N,7.89,8.19,7.68,-3.62,-2.33
MAPS1231+42,19.40,10.0,Ir,N,6.98,5.94,6.51,,-3.09
DDO131,16.50,10.0,Ir,N,7.9,8.61,7.98,-2.18,-2.03
UGC07678,15.60,9.0,Im,N,8.24,8.63,8.10,-1.69,-1.50
ComaP,19.40,10.0,Ir,L,7.18,7.25,8.13,,-2.79
UGC07690,14.90,8.0,,,8.66,9.2,8.44,-1.40,-1.17
AGC229089,17.90,9.0,Im,N,7.29,7.24,7.13,,-2.67
dw1232+0015,25.50,-1.0,dE,N,8.07,,,,-4.84
NGC4517,15.90,7.0,,,10.27,10.8,9.22,-0.12,-0.68
UGC07699,14.80,7.0,,,9.19,10.04,9.03,-0.87,-0.46
DDO133,14.80,9.0,Im,L,8.24,8.73,8.25,-1.99,-1.73
NGC4509,15.20,9.0,BCD,H,8.72,8.39,7.98,-1.21,-1.26
BTS142,20.20,10.0,Ir,L,6.9,7.17,7.15,,-3.27
KDG155,20.50,10.0,Ir,L,7.55,8.26,7.65,,-3.52
KK152,17.50,10.0,Ir,N,7.74,7.68,7.84,-2.72,-2.18
PGC041749,16.90,9.0,Im,N,7.67,7.53,8.10,-2.48,-1.95
UGC7719,16.10,8.0,,,8.21,8.61,8.22,-1.77,-1.69
NGC4534,14.00,8.0,,,8.82,9.59,9.00,-0.96,-0.73
UGC07748,16.50,9.0,Im,N,7.68,8.16,7.77,,-1.88
UGC7751,17.70,9.0,Im,N,7.49,7.9,7.58,-3.09,-2.43
LVJ1235-1104,16.80,10.0,Ir,H,8.04,8.55,7.44,,-1.80
NGC4559,12.30,6.0,,,10.2,10.63,9.52,0.14,0.19
UGC07774,16.50,7.0,,,9.6,10.17,9.36,-1.04,-0.55
VCC1675,17.80,9.0,BCD,N,8.22,7.74,6.77,-3.14,-2.51
dw1236-0025,21.10,10.0,Irr,L,6.64,,,,-3.64
IC3583,15.40,9.0,Im,N,8.8,9.34,8.02,-1.63,-1.24
MAPS1236+33,18.90,10.0,Ir,N,7.26,6.99,7.08,,-2.97
Dw1237+3304,23.70,-2.0,Sph,N,8.05,,,,-4.58
IC3591,16.10,9.0,BCD,N,8.66,8.88,8.24,-1.19,-1.58
dw1237-1125,>23.00,-2.0,dE,L,7.25,,,,<-4.55
AGC220847,18.00,9.0,BCD,N,7.65,7.92,7.18,,-2.52
KKSG29,18.90,10.0,Ir,L,7.67,7.55,7.22,,-2.70
Arp211,16.00,10.0,Ir,N,7.56,6.9,7.29,-2.61,-1.98
VCC1713,17.90,9.0,Im,N,7.66,6.59,7.08,-3.66,-2.60
KKSG30,19.00,10.0,Ir,N,7.76,7.72,7.35,,-2.74
VCC1725,16.00,9.0,BCD,N,8.48,8.63,7.60,-2.10,-1.66
Dw1238+3337,20.90,10.0,Tr,N,7.52,,,,-3.41
AGC724993,19.30,9.0,Im,N,7.36,8.07,7.30,,-2.97
KKSG31,>23.00,-3.0,Sph,L,7.88,,<7.01,,<-4.36
UGCA292,16.30,10.0,Ir,L,6.79,6.88,7.49,-2.48,-2.53
KDG171,19.10,10.0,Irr,L,7.24,,,,-2.95
dw1239+3230,21.30,10.0,Irr,N,6.56,,,,-3.97
dw1239-1159,>23.00,-1.0,Sph,L,7.31,,,,<-4.20
N4594DW1,>21.70,-2.0,dE,N,8.27,,,,<-3.81
NGC4592,14.00,8.0,Sdm,,9.16,10.02,9.45,,-0.39
N4594-DGSAT-3,>23.00,-3.0,Sph,L,7.31,,<6.85,,<-4.47
UGC07827,16.90,10.0,Ir,N,7.82,8.17,8.15,-1.81,-2.02
SombreroDwA,>23.00,-3.0,Sph,L,7.06,,<7.03,,<-4.29
KKSG32,23.90,-3.0,Sph,L,7.85,,<6.96,,-4.72
KDG177,18.50,10.0,Ir,N,8.22,7.64,8.33,,-2.04
NGC4594,15.00,1.0,,,11.32,11.77,8.38,-1.00,-0.51
NGC4605,13.10,8.0,,,9.7,9.63,8.44,-0.66,-0.77
AGC749241,19.70,10.0,Ir,L,6.46,6.06,6.75,<-4.79,-3.54
dw1240-42,>23.00,-1.0,Sph,L,6.86,,<6.64,,<-5.03
BTS146,20.40,10.0,Ir,N,7.14,6.57,6.97,-4.62,-3.44
SUCD1,>23.00,-1.0,dE,H,7.39,8.33,<7.17,,<-4.43
KKSG33,>23.00,-3.0,Sph,L,7.59,,<7.01,<-3.42,<-4.31
dw1240-1118,24.40,-3.0,dE,N,8.33,,,,-4.98
KDG178,18.00,10.0,Ir,L,7.16,8.2,7.69,-3.51,-2.64
NGC4597,14.40,8.0,,,9.48,10.07,9.12,-0.75,-0.70
dw1240-1140,>23.00,-1.0,dSph,L,6.75,,,,<-5.02
NGC4600,20.40,0.0,dS0em,N,9.33,,<7.27,-1.92,-3.34
PGC4074723,19.50,10.0,Ir,L,6.77,,,,-3.20
HSC-9,>23.00,-1.0,Tr,L,7.07,,<6.83,,<-4.68
NGC4631dw1,22.00,10.0,Ir,X,7.29,,,,-4.26
Dw1241+4103,23.80,10.0,Tr,L,6.41,,,,-4.91
dw1241-1131,>23.00,-2.0,Sph,L,6.64,,,,<-4.57
SombreroDwB,>23.00,-3.0,Sph,L,7.63,,<7.15,,<-4.14
KKSG34,>23.00,-3.0,Sph,L,7.77,,<6.96,,<-4.33
dw1241-32,>23.00,-1.0,Sph,L,6.41,,<6.64,,<-5.06
NGC4618,13.00,6.0,,,9.62,9.59,8.87,-0.58,-0.54
AGC224291,18.80,9.0,Im,N,7.63,6.16,6.96,,-2.84
LVJ1241+3251,17.50,10.0,Ir,N,7.48,6.88,7.06,,-2.58
NGC4625,14.60,7.0,,,9.56,8.87,8.83,-0.89,-0.84
NGC4627,17.50,-3.0,,,9.46,,,-4.28,-2.47
NGC4631dw2,22.60,10.0,Ir,X,6.2,,,,-4.51
NGC4631,11.40,7.0,,,10.49,10.8,9.72,0.48,0.76
N4625A,>23.00,-1.0,Tr,L,7.34,,,,<-4.56
IC3687,14.80,10.0,Ir,N,8.19,8.68,7.90,-1.89,-1.75
HSC-10,>23.00,-1.0,Tr,L,6.83,,<6.83,,<-4.68
PGC042730,>23.00,-2.0,dE,N,8.72,,,,<-4.32
NGC4631dw3,>23.00,-2.0,Sph,X,6.84,,,,<-4.63
PGC42772,17.40,10.0,Ir,N,7.6,7.64,7.23,,-2.32
dw1243-42b,>23.00,10.0,Ir,N,6.26,,<6.64,,<-5.13
dw1243-42,>23.00,-1.0,Sph,L,6.68,,<6.64,,<-5.05
BTS151,>23.00,-2.0,Sph,L,7.78,,,,<-4.60
HSC-5,>23.00,-1.0,Sph,L,7.46,,,,<-4.28
KDG192,17.50,10.0,Ir,L,7.61,8.63,8.11,-2.42,-2.19
LVJ1243+4127,19.40,10.0,Ir,L,6.77,6.15,6.82,-4.76,-3.54
KK160,21.40,10.0,Ir,L,6.6,6.01,6.60,-4.88,-4.43
NGC4656,11.60,8.0,,,9.93,10.12,9.53,-0.18,0.33
NGC4656UV,13.50,10.0,Ir,N,8.88,9.31,7.61,-2.31,-0.77
[KK2000]51,>23.00,10.0,Tr,L,6.6,,<6.32,,<-5.01
DDO143,15.90,10.0,Ir,L,7.8,8.45,8.43,-1.63,-1.60
UGCA294,16.00,9.0,BCD,N,8.34,8.47,8.09,>-1.73,-1.57
IC3718,18.40,8.0,,,8.22,8.77,7.13,<-2.74,-2.81
UGC07929,19.90,9.0,Im-,N,6.96,,,,-3.86
Dw1245+6158,>23.50,10.0,Tr,L,6.41,,,,<-5.09
ESO381-020,15.60,10.0,Ir,L,7.95,8.79,8.37,-1.75,-1.77
AGC227970,18.40,9.0,Im,N,7.79,7.73,7.52,,-2.60
VCC2033,17.40,9.0,BCD,H,8.32,6.75,7.01,-2.29,-2.11
VCC2037,17.90,10.0,Ir,N,7.92,7.4,6.90,-2.54,-2.33
UGCA298,17.80,9.0,BCD,N,8.43,8.74,7.29,-1.65,-2.23
UGC07950,15.30,9.0,Im,N,8.36,8.65,8.05,-1.91,-1.41
DDO147,16.10,10.0,Ir,L,7.19,7.35,7.47,-3.31,-2.64
FGC1497,18.80,8.0,,,8.4,9.1,8.26,,-1.94
Dw1247-0824,17.80,9.0,BCD,N,8.08,9.13,,,-2.25
NGC4688,14.80,6.0,Scd,,8.5,9.05,8.52,,-1.41
KK164,17.40,8.0,Sm,,7.85,7.97,6.93,,-2.43
NGC4707,15.20,10.0,Ir,N,8.25,8.95,8.05,-1.90,-1.61
DDO148,17.40,8.0,,,8.83,8.65,7.82,-2.96,-2.16
KK165,>23.00,-1.0,Tr,L,7.74,,,,<-4.61
NGC4700,14.30,7.0,,,8.86,9.46,8.43,-1.74,-0.86
KK166,>23.00,-3.0,Tr,L,7.21,,,-4.88,<-5.09
MAPS1249+44,18.90,9.0,Im,N,7.2,7.35,7.06,,-2.95
LVJ1249+2155,18.80,10.0,Ir,N,7.01,6.93,7.18,,-2.94
UGC07983,18.10,10.0,Ir,N,7.27,7.03,7.50,,-2.88
EVCC2232,>23.50,-2.0,Sph,L,6.86,,,,<-5.00
UGC07990,,8.0,,,8.53,9.19,8.40,-2.39,
NGC4736,11.90,2.0,,,10.56,10.71,8.28,-0.43,-0.53
M94-Dw2,>23.00,-1.0,Sph,L,6.78,,,,<-5.05
BTS157,21.20,10.0,Ir,L,7.22,6.41,6.98,,-3.68
KK167,17.50,10.0,Ir,N,7.64,7.91,7.68,,-2.25
IC3840,17.70,10.0,Ir,N,7.41,7.4,7.28,-3.03,-2.62
dw1251-40,>23.00,-1.0,Sph,L,6.26,,<6.64,,<-5.03
dw1252-40,>23.00,-1.0,Sph,L,7.37,,<6.64,,<-5.04
Dw1252-0904,22.30,10.0,Irr,L,6.48,,,,-4.05
dw1252-43,>23.00,-1.0,Sph,L,6.3,,<6.64,,<-5.06
NGC4765,15.00,9.0,BCD,H,8.49,8.86,7.96,-1.56,-1.58
PGC3272767,21.60,9.0,BCD,H,5.93,,,,-4.38
KKSG38,18.00,10.0,Ir,N,7.55,7.99,7.36,,-2.26
KKSG39,21.90,10.0,Ir,L,6.57,6.35,7.08,,-4.21
DDO153,15.90,9.0,Im,N,8.42,8.83,8.64,-1.46,-1.49
DDO154,14.90,10.0,Ir,N,7.59,8.79,8.28,-2.52,-1.91
UGC08030,18.30,10.0,Ir,L,8.0,8.57,7.89,,-2.15
ESO443-009,18.40,10.0,Ir,L,7.11,7.25,7.16,,-2.80
dw1255+40,>23.00,-1.0,Sph,L,6.5,,,,<-5.16
KDG215,18.90,10.0,Ir,L,7.16,6.4,7.38,<-4.80,-3.33
ESO219-010,,-3.0,Sph,N,8.03,,<5.72,-3.11,
AGC221126,17.60,9.0,Im,N,7.54,8.73,8.13,,-2.28
KDG216,>23.00,-3.0,Tr,L,7.78,,<6.77,,<-4.80
UGC08061,18.00,10.0,Ir,N,8.12,8.67,7.90,-2.44,-2.12
NGC4826,13.90,2.0,,,10.49,10.7,8.27,-0.64,-1.03
CVnII,21.40,-3.0,Sph,X,4.59,4.98,<4.10,,-7.36
dw1257-41,>23.00,-1.0,Sph,L,7.13,,<6.64,,<-4.98
MCG-02-33-075,,8.0,,,8.48,8.73,7.57,-2.13,
dw1258-37,>23.00,-1.0,Sph,X,6.52,,<6.64,,<-5.17
GR8,15.40,10.0,Ir,N,6.84,7.15,6.92,-2.67,-2.62
HIPASSJ1258-04,16.80,10.0,Ir,N,7.82,7.81,7.67,-2.45,-2.24
NGC4861,13.60,9.0,Im,N,9.13,9.38,8.86,-0.25,-0.59
KK176,18.80,10.0,Ir,L,7.44,7.93,7.81,,-2.90
UGC08105,17.70,9.0,BCD,N,7.99,8.13,7.82,-1.51,-2.24
PGC1059300,18.10,10.0,Ir,N,6.69,,,,-3.24
dw1300+1843,>23.00,-1.0,Sph,L,6.72,,,,<-5.29
dw1301-30,>23.00,-1.0,Sph,X,6.72,,<6.91,,<-4.84
UGCA319,17.20,10.0,Ir,N,8.02,8.84,7.76,-3.30,-2.29
KK177,>23.00,-2.0,Sph,L,7.72,,,,<-4.93
dw1302-40,>23.00,-1.0,Sph,L,6.59,,<6.64,,<-5.02
dw1303+42,20.90,10.0,Ir,L,6.88,,,,-3.63
DDO161,14.60,8.0,,,8.74,9.59,8.83,-1.28,-1.05
ESO269-037,19.80,10.0,Ir,N,6.96,6.23,5.51,-4.40,-3.71
KK180,>23.00,-2.0,Sph,L,7.36,,,,<-5.06
KK182,18.10,10.0,Ir,N,7.49,7.48,7.65,-3.26,-2.56
NGC4945,,6.0,,,10.66,11.01,8.91,-0.03,
dw1305+41,21.60,10.0,Ir,L,7.28,,,,-3.91
KDG218,23.00,-1.0,Tr,L,8.51,,<7.41,,-4.05
IC4182,13.50,8.0,,,8.7,8.97,8.29,-1.60,-1.28
dw1305+38,21.50,10.0,Ir,L,7.03,,,,-3.86
DDO165,14.70,9.0,Im,N,8.23,8.43,8.08,-2.58,-1.66
dw1306-29,>23.00,-1.0,Sph,L,6.87,,<6.91,,<-4.77
MCG-03-34-002,16.80,9.0,BCD,N,8.1,8.44,7.72,-2.35,-1.86
UGC08215,17.70,10.0,Ir,N,7.18,6.16,7.28,-3.46,-2.95
UGC08245,16.80,9.0,Im,N,7.78,6.33,7.14,-3.02,-2.46
dw1308+40,>23.00,-1.0,Sph,L,7.54,,,,<-4.46
MCG-04-31-038,16.80,10.0,Ir,N,8.79,8.43,7.98,,-1.90
ESO269-058,16.70,9.0,Ir,L,8.86,8.77,7.37,-3.50,-2.38
dw1310+4153,>23.00,-1.0,Sph,L,6.9,,,,<-4.64
[KK2000]53,>23.00,-3.0,Sph,L,7.46,,<6.14,,<-5.19
Dw1311+4051,19.80,10.0,Irr,N,6.55,,,,-3.18
Dw1311+4317,>23.50,-2.0,Sph,L,7.21,,,,<-4.66
dw1312-4244,>23.00,-2.0,Sph,L,6.03,,,,<-5.00
NGC5023,14.80,7.0,,,9.01,9.93,8.58,-1.31,-0.96
NGC5055dwTBG1,>23.00,10.0,Tr,L,6.2,,,,<-4.45
dw1313-4246,>23.00,-2.0,Sph,L,5.98,,,,<-5.02
KK189,>23.00,-3.0,Sph,L,7.48,,<5.22,<-5.26,<-4.79
CGCG217-018,16.70,9.0,BCD,N,8.19,,,-2.01,-1.95
KKH82,20.50,10.0,Tr,L,7.77,,,-4.32,-3.61
dw1313+46,19.30,10.0,Ir,L,6.98,,,,-3.05
ESO269-066,>23.00,-1.0,Sph,L,8.42,,<4.92,<-5.39,<-4.96
NGC5011C,19.20,-1.0,Tr,N,7.98,,<7.16,,-3.36
DDO167,16.40,10.0,Ir,N,7.19,6.06,7.20,-2.87,-2.49
dw1313-4214,>23.00,-2.0,Sph,L,6.63,,,,<-5.01
KK191,23.40,10.0,Tr,L,6.83,,<6.49,<-4.46,-4.68
LVJ1313+1003,22.90,-1.0,Tr,L,7.42,,<6.31,,-5.16
UGC08313,16.30,8.0,Sm,,8.44,9.23,7.93,-1.54,-1.69
dw1314-28,>23.00,-1.0,Tr,L,7.25,,<6.91,,<-4.84
NGC5055dwTBG5,>23.00,-2.0,dSph,X,6.52,,,,<-4.47
DDO168,14.70,10.0,Ir,N,8.13,8.54,8.33,-2.13,-1.77
dw1315-4232,>23.00,-2.0,Sph,L,6.32,,,,<-5.00
DDO169NW,17.70,10.0,Ir,L,6.34,7.16,7.00,-3.58,-2.99
DDO169,15.80,10.0,Ir,N,7.73,8.22,7.75,-2.70,-2.22
KK193,24.30,10.0,Tr,L,7.03,,,,-4.90
dw1315-4309,>23.00,-2.0,Sph,X,5.74,,,,<-4.88
NGC5055,12.50,4.0,,,11.0,11.34,9.62,0.21,0.11
dw1316-4224,>23.00,-2.0,Sph,L,7.05,,,,<-4.97
CGCG189-050,,9.0,BCD,N,7.22,,,-2.60,
KK194,21.50,10.0,Ir,L,7.15,,,,-3.85
AGC239141,19.50,10.0,Ir,L,6.01,5.49,6.23,,-3.84
CenA-MM-Dw11,>23.00,-2.0,Sph,X,6.45,,,,<-4.94
dw1318-21,>23.00,-1.0,Sph,L,7.06,,<6.91,,<-4.77
dw1318-4233,>23.00,-2.0,Sph,X,6.4,,,,<-4.92
NGC5068,12.80,6.0,,,9.73,9.92,8.82,-0.32,-0.54
CenA-MM-Dw5,>23.00,-2.0,Sph,XL,5.59,,<6.49,,<-4.91
AGC732602,18.30,10.0,Ir,N,7.26,6.78,7.11,,-2.70
dw1321-27,>23.00,-1.0,Sph,X,6.79,,<6.91,,<-4.88
KK195,18.90,10.0,Ir,L,7.02,5.96,7.62,<-5.06,-3.09
[KK2000]54,>23.00,10.0,Tr,L,6.26,,<5.60,<-5.41,<-5.05
KK196,19.00,10.0,Ir,L,7.34,,<6.29,,-3.35
NGC5102,,1.0,,,9.7,10.14,8.47,-1.99,
KK197,>23.00,-3.0,Sph,L,8.23,,<5.46,<-5.31,<-4.74
dw1322-27,>23.00,-1.0,Tr,L,7.17,,<6.91,,<-4.87
[KK2000]55,>23.00,-3.0,Sph,X,7.81,,<6.30,<-5.31,<-4.76
dw1322-39,>23.00,10.0,Ir,L,6.12,,<6.47,,<-5.25
KK198,21.50,-3.0,Tr,L,9.4,,<7.88,<-3.17,-2.20
PGC725719,20.10,7.0,Sdm,,7.33,,,,-3.79
CenA-MM-Dw4,>23.00,-2.0,Sph,L,6.95,,<6.60,,<-4.79
KV19-212,>23.00,-1.0,dE,H,7.02,,,,<-4.92
AM1320-230,21.70,-3.0,Tr,L,7.46,,<5.83,<-5.17,-4.26
dw1323-40b,>23.00,-1.0,Sph,L,6.9,,<6.71,,<-4.93
CenA-MM-Dw10,>23.00,-2.0,Sph,X,5.81,,,,<-5.10
KK200,18.60,10.0,Ir,L,7.31,6.19,6.86,-4.26,-3.09
dw1323-40,>23.00,-1.0,Sph,L,7.01,,<6.67,,<-4.99
KV19-271,>23.00,-1.0,dE,H,7.12,,,,<-4.95
NGC5128,12.90,-2.0,,,10.89,11.69,8.44,-0.06,-0.65
dw1325-33,>23.00,-1.0,Tr,L,6.78,,<6.75,,<-4.87
UCD320,>23.00,-3.0,dE,H,7.13,6.7,,,<-4.97
UCD330,>23.00,-3.0,dE,H,7.42,7.84,,,<-4.95
CenA-MM-Dw6,>23.00,-2.0,Sph,XL,6.36,,<6.58,,<-4.84
dw1326-29,>23.00,-2.0,Sph,L,6.88,,<6.75,,<-4.83
dw1326-37,>23.00,-1.0,Tr,L,6.45,,<6.64,,<-5.13
CenA-MM-Dw7,>23.00,-2.0,Sph,XL,6.29,,<6.60,,<-4.82
KV19-329,23.10,-1.0,dE,H,7.03,,,,-5.05
dw1326-35,>23.00,10.0,Ir,L,6.14,,<6.75,,<-4.83
IC4247,16.50,10.0,Ir,N,8.25,7.55,7.59,-2.78,-2.18
dw1327+51,>23.00,-1.0,Sph,L,7.0,,,,<-4.54
KK203,>23.00,10.0,Tr,L,6.5,,<6.36,,<-4.93
ESO324-024,15.30,8.0,,,8.35,9.06,8.18,-1.82,-1.80
PGC2229803,18.60,9.0,BCD,N,7.42,,,-3.27,-2.97
CVnI,>23.00,-3.0,Sph,X,6.1,5.88,<3.08,<-7.62,<-7.67
dw1328-29,>23.00,-1.0,Tr,L,6.75,,<6.75,,<-4.85
LVJ1328+4937,18.00,10.0,Ir,N,7.12,,,-3.02,-2.62
dw1329-45,>23.00,-1.0,Sph,L,6.52,,<6.45,,<-5.26
PGC170257,17.60,9.0,BCD,H,7.67,8.14,6.91,,-2.51
NGC5204,13.00,8.0,,,8.84,9.48,8.59,-1.12,-0.98
KV19-442,>23.00,-1.0,dE,H,7.11,,,,<-5.01
NGC5194,11.30,5.0,,,10.97,10.97,9.32,0.46,0.29
CenA-MM-Dw2,>23.00,-2.0,dSph,X,6.17,,,,<-4.76
dw1329-32,20.60,9.0,BCD,,6.73,,<6.75,,-3.89
NGC5195,14.40,0.0,,,10.59,10.73,8.14,-0.54,-1.05
dw1330-34,>23.00,-2.0,Sph,L,6.79,,<6.75,,<-4.85
dw1330-33,>23.00,-2.0,Sph,L,6.2,,<6.75,,<-4.83
CenA-MM-Dw1,>23.00,-2.0,dSph,X,7.79,,<7.66,,<-4.82
CenA-MM-Dw3,>23.00,-2.0,Sph,XL,7.73,,<6.55,,<-4.86
dw1330-38,>23.00,-1.0,Sph,X,6.16,,<6.64,,<-5.19
UGC08508,,10.0,Ir,N,7.54,7.92,7.29,-2.66,
dw1330-32,>23.00,10.0,Ir,L,6.04,,<6.75,,<-4.87
dw1331-40,>23.00,-1.0,Sph,X,5.79,,<6.64,,<-5.08
AGC238890,,9.0,BCD,N,7.09,6.11,6.37,-4.15,
UGCA361,21.80,-1.0,Tr,L,8.13,,,<-4.43,-4.08
CenA-MM-Dw9,>23.00,-2.0,Sph,XL,6.92,,<6.53,,<-4.90
CenA-MM-Dw8,>23.00,-2.0,Sph,XL,7.03,,<6.45,,<-5.07
NGC5206,,-3.0,,,8.95,,<6.54,<-4.40,
NGC5229,15.90,7.0,,,8.56,9.46,8.57,-1.49,-1.36
NGC5238,15.30,10.0,Ir,N,8.02,8.28,7.42,-1.96,-1.99
ESO270-017,,8.0,,,9.75,10.19,9.17,-0.81,
dw1335-29,>23.00,-2.0,Sph,L,6.79,,<6.77,,<-4.87
UGCA365,18.00,10.0,Ir,L,7.73,7.4,7.29,-4.42,-2.77
dw1336-32,>23.00,-2.0,Sph,L,7.19,,<6.75,,<-4.85
KK208,23.70,-3.0,Sph,X,8.21,,<6.69,<-5.18,-5.16
dw1336-44,>23.00,10.0,Ir,L,5.85,,<6.62,,<-5.02
MCG+08-25-028,17.90,10.0,Ir,N,7.78,,,-2.45,-2.46
NGC5236,10.70,5.0,,,10.86,11.32,9.99,0.44,0.20
HIDEEPJ1337-33,19.50,10.0,Ir,N,6.73,6.23,6.71,<-4.81,-3.52
dw1337-33,>23.00,10.0,Ir,L,6.52,,<6.75,,<-4.88
dw1337-26,>23.00,-2.0,Sph,L,7.08,,<6.75,,<-4.84
ESO444-084,16.60,10.0,Ir,N,7.61,8.4,7.90,-2.53,-2.28
HIPASSJ1337-39,17.80,10.0,Ir,N,7.21,7.67,7.60,<-4.69,-2.69
NGC5237,16.40,9.0,BCD,H,8.43,8.88,7.48,-2.26,-2.38
dw1337-41,>23.00,-1.0,Sph,X,6.49,,<6.64,,<-5.08
dw1338+50,>23.00,-1.0,Sph,L,7.08,,,,<-4.53
UGC08638,15.90,10.0,Ir,N,7.97,7.5,7.08,-2.42,-2.26
UGC08647,17.80,8.0,Sm,,7.74,8.11,7.89,-2.44,-2.43
DDO181,15.60,10.0,Ir,N,7.56,7.82,7.36,-2.61,-2.47
NGC5253,12.80,8.0,,,9.08,8.89,7.91,-0.64,-1.09
IC4316,16.60,10.0,Ir,N,8.21,6.42,7.04,-2.63,-2.38
dw1340-30,>23.00,-2.0,Sph,L,6.59,,<6.78,,<-4.82
dw1340+45,19.10,10.0,Ir,L,6.74,,,,-2.93
dw1341-33,>23.00,-2.0,Sph,L,7.06,,<6.75,,<-4.88
NGC5264,15.30,8.0,,,8.88,8.12,7.70,-1.92,-1.83
dw1341-43,>23.00,-1.0,Sph,L,7.17,,<6.63,,<-5.09
KK211,>23.00,-2.0,Sph,L,7.75,,<5.78,<-5.39,<-4.92
LVJ1342+4840,,9.0,Im,N,7.6,,,-3.37,
DDO182,16.10,10.0,Ir,N,7.89,8.16,8.03,-2.11,-1.72
dw1342-43,>23.00,-1.0,Tr,L,6.61,,<6.45,,<-5.29
dw1343+58,17.60,9.0,BCD,N,7.46,7.82,6.66,-3.36,-2.75
KK213,,-3.0,Sph,L,7.52,,<6.36,<-5.38,
dw1343-34,>23.00,-1.0,Sph,X,6.31,,<6.91,,<-4.88
ESO325-011,,10.0,Ir,L,7.86,8.4,7.87,-1.88,
[KK2000]58,,-3.0,Sph,L,7.15,,<5.50,<-5.51,
KK218,>23.00,-3.0,Sph,L,7.11,,<5.36,<-5.18,<-4.83
ESO383-087,13.70,8.0,,,9.05,8.32,7.82,-1.49,-1.45
DDO183,16.00,10.0,Ir,N,7.54,7.18,7.33,-3.12,-2.52
dw1350+5441,>23.00,-1.0,Sph,L,7.54,,,,<-4.79
KDG229,23.60,-1.0,Tr,L,8.72,,,,-4.28
KKH86,19.70,10.0,Ir,L,6.51,5.9,5.92,-6.04,-4.17
HolmIV,,8.0,,,8.62,9.08,8.36,-1.68,
UGC08833,16.70,10.0,Ir,N,7.41,7.38,7.05,-3.34,-2.85
dw1355+51,>23.00,-1.0,Sph,L,7.07,,,,<-4.71
M101Dw9,>23.00,-2.0,Sph,L,6.26,,,,<-4.62
KK227,>23.00,-2.0,Tr,L,7.88,,,,<-4.48
dw1357-28,>23.00,-1.0,Sph,L,6.5,,<6.91,,<-4.88
ESO384-016,19.20,9.0,BCD,N,7.83,6.32,6.69,<-4.65,-3.36
BootesIII,>23.00,-3.0,Sph,X,5.29,7.12,<2.98,,<-9.00
UGC08882,21.60,-1.0,dE,N,7.51,,,-4.37,-4.15
BootesII,22.50,-2.0,Sph,X,3.7,5.13,<1.62,,-8.90
BootesI,>23.00,-2.0,Sph,X,5.15,5.53,<2.39,,<-8.73
NGC5398,14.90,7.0,,,9.37,9.57,8.83,<-1.05,-0.73
dw1401-32,>23.00,-1.0,Sph,L,6.87,,<6.91,,<-4.87
M101Dw10,>23.00,-2.0,Sph,L,6.9,,,,<-3.50
M101-df3,>23.00,-2.0,Sph,X,7.27,,,,<-4.76
MESSIER101,10.00,6.0,,,10.79,11.32,9.86,0.46,0.52
dw1403-33,>23.00,-1.0,Sph,L,6.75,,<6.91,,<-4.86
NGC5408,,9.0,Im,N,8.57,8.68,8.48,-0.83,
M101-df1,24.20,10.0,Ir,L,6.17,,,,-5.27
M101dwD,>23.00,-2.0,Sph,L,8.18,,,,<-3.50
M101-df5,23.80,-1.0,Tr,X,8.48,,,,-3.83
PGC2448110,18.30,10.0,Ir,H,7.02,,,-1.92,-2.82
NGC5474,13.00,8.0,,,9.21,9.11,9.01,-0.89,-0.69
M101dwC,>23.00,-1.0,Tr,L,7.78,,,,<-3.49
NGC5477,15.00,9.0,Im,N,8.26,8.66,8.60,-1.62,-1.51
M101-df7,>23.00,-2.0,Sph,X,7.47,,,,<-3.52
dw1406-29,>23.00,-1.0,Sph,X,6.87,,<6.91,,<-4.89
M101-dwA,>23.00,-2.0,Sph,L,6.68,,,,<-4.74
KK230,18.20,10.0,Ir,L,6.18,5.98,6.35,-5.47,-3.78
M101Dw7,>23.00,-2.0,Sph,L,6.14,,,,<-4.68
M101-df4,>23.00,10.0,Ir,X,7.45,,,,<-3.51
M101-df6,>23.00,10.0,Ir,X,6.96,,,,<-3.51
M101-df2,,-2.0,Sph,L,6.74,,,<-4.59,
dw1408+56,>23.00,10.0,Tr,L,7.87,8.37,7.84,,<-3.50
M101dwB,>23.00,10.0,Tr,L,7.13,8.76,7.83,,<-3.48
dw1409-33,>23.00,-1.0,Sph,X,6.88,,<6.91,,<-4.86
M101Dw11,>23.00,-2.0,Sph,L,7.47,,,,<-3.48
dw1410-34,>23.00,10.0,Ir,L,6.54,,<6.91,,<-4.86
M101Dw14,>23.00,-2.0,Sph,L,7.42,,,,<-3.49
dw1412+56,>23.00,-1.0,Sph,L,6.79,,,,<-4.70
dw1413-34,>23.00,-1.0,Sph,L,6.26,,<6.91,,<-4.86
CIRCINUS,,3.0,,,10.6,10.54,9.30,0.04,
KKH87,17.40,10.0,Ir,N,7.73,7.8,7.97,-2.54,-2.24
dw1415-32,>23.00,10.0,Ir,L,6.08,,<6.91,,<-4.86
DDO187,16.40,10.0,Ir,N,7.06,7.35,7.10,-3.97,-2.98
dw1416+57,>23.00,-1.0,Sph,L,6.95,,,,<-4.71
KKR08,>23.00,-2.0,Sph,L,8.4,,<7.56,,<-3.95
NGC5585,13.20,7.0,,,9.21,9.96,9.00,-0.90,-0.62
DDO190,14.90,9.0,Im,N,7.93,8.48,7.52,-2.63,-2.24
PGC051659,,10.0,Ir,L,7.51,7.94,7.78,-3.59,
CentaurusA-dE5,>23.00,10.0,Tr,L,6.92,,<6.16,<-4.64,<-4.26
ESO222-010,,10.0,Ir,N,7.16,7.31,7.25,-2.90,
DDO194,16.80,8.0,,,8.09,8.8,7.83,-3.35,-2.37
MRK0475,17.50,9.0,BCD,H,7.64,7.44,6.48,-1.50,-2.24
ESO272-025,,10.0,Ir,N,7.61,7.86,6.74,-2.64,
KKR11,18.90,10.0,Ir,L,7.52,7.39,7.79,,-2.73
dw1446+58,20.10,10.0,Irr,N,6.49,,,,-3.53
UGC09540,17.20,10.0,Ir,L,7.52,8.08,7.99,-2.06,-2.10
ESO223-009,,10.0,Ir,N,9.17,9.42,8.79,-1.00,
UGC09660,16.00,9.0,BCD,N,8.68,8.58,8.23,-1.56,-1.48
UMin,>23.00,-3.0,Sph,X,5.8,5.59,<1.59,,<-8.76
ESO274-001,,7.0,,,8.92,9.91,8.32,-1.35,
KKR18,17.20,10.0,Ir,N,7.78,8.11,7.49,,-2.10
UGC09893,16.70,9.0,Im,N,8.25,8.16,7.93,-2.79,-1.86
UGC09992,16.60,10.0,Ir,N,8.26,8.54,8.40,-1.93,-1.64
PGC057323,17.40,8.0,Sm,,8.64,8.84,8.29,,-1.46
KKR25,,-1.0,Sph,L,6.73,,<4.93,-5.09,
ESO137-018,,6.0,,,9.54,9.51,8.59,-1.31,
Hercules,>23.00,-3.0,Sph,X,5.39,5.64,<2.72,,<-7.88
KDG235,18.60,10.0,Ir,L,7.64,7.85,7.87,-2.74,-2.48
Draco,>23.00,-3.0,Sph,X,6.45,5.92,<2.12,,<-8.52
MilkyWay,,4.0,,,10.78,,,,0.22
IC4662,13.00,9.0,BCD,N,8.72,8.64,8.24,-1.12,-1.37
NGC6503,13.50,6.0,,,10.0,10.09,8.86,-0.37,-0.56
KK242,21.40,10.0,Tr,L,6.47,,<6.18,-4.70,-4.06
IC4710,14.20,8.0,,,9.24,8.93,8.60,-0.87,-0.86
ESO104-022,17.60,10.0,Ir,L,8.05,8.15,8.53,-1.77,-2.06
NGC6744dwTBGa,>23.00,-2.0,Sph,L,7.28,,,,<-4.52
[KK2000]70,23.50,10.0,Ir,L,7.3,,,,-4.75
dw1907-6342,>23.00,-1.0,Sph,L,7.51,,,,<-4.48
UGC11411,16.60,9.0,BCD,N,7.85,,,-1.72,-1.84
[KK2000]71,16.00,10.0,Ir,N,7.83,,,,-2.02
NGC6744,11.50,4.0,,,10.91,11.41,10.31,0.35,0.54
BedinI,>23.00,-2.0,dSph,L,6.56,,,,<-4.38
ESO104-044,17.60,10.0,Ir,L,8.31,8.88,8.47,-2.61,-2.15
[KK2000]72,19.60,10.0,Ir,L,7.12,,,,-2.97
NGC6744dwTBGb,>23.00,10.0,Tr,L,5.88,,,,<-4.33
AM1909-615,21.50,8.0,(Sm),,7.94,8.94,8.26,,-3.70
NGC6789,16.80,9.0,BCD,H,7.94,,<6.47,-2.61,-2.60
SagdIr,15.90,10.0,Ir,L,6.55,7.0,6.97,-4.04,-3.11
IC4870,15.50,9.0,BCD,N,8.34,8.87,8.62,-1.32,-1.19
NGC6822,12.00,10.0,Ir,N,8.38,9.24,8.19,-1.90,-1.78
LVJ1952+1428,,9.0,BCD,N,7.78,7.51,7.19,-2.94,
KK246,20.00,10.0,Ir,N,7.71,8.11,7.96,,-2.54
IC4951,15.50,8.0,,,8.86,9.44,8.69,-1.45,-1.19
UGC11583,,10.0,Ir,L,8.15,9.06,8.44,-2.56,
KK251,,10.0,Ir,L,7.94,8.44,8.28,-2.48,
KK252,,10.0,Ir,L,8.13,8.85,7.28,-2.62,
NGC6946,13.20,6.0,,,10.99,11.01,10.11,0.63,0.51
KKR55,,10.0,Ir,N,8.4,7.91,7.87,-1.93,
DDO210,17.00,10.0,Ir,L,6.78,5.79,6.46,-5.34,-3.86
KKR56,,10.0,Ir,L,8.24,,,-2.57,
Cepheus1,,8.0,,,9.61,9.57,9.27,-1.54,
IC5052,14.40,7.0,,,9.27,9.93,8.81,-1.12,-0.83
KKR59,,8.0,,,9.39,9.19,,-1.17,
KKR60,,10.0,Ir,L,8.66,,,-1.34,
Segue3,>23.00,-3.0,Sph,N,3.19,3.85,,<-9.86,<-9.67
NGC7090,14.30,6.0,,,10.03,10.41,9.26,-0.31,-0.37
IC5152,12.50,9.0,BCD,N,8.71,8.94,8.01,-2.23,-1.55
Dw2215-4528,>23.50,-2.0,Sph,L,7.34,,,,<-4.52
Dw2216-4539,>23.50,-2.0,Sph,L,8.01,,,,<-4.54
Dw2217-4633,>23.50,-2.0,Sph,L,7.61,,,,<-4.54
6dFJ2218489-461303,17.40,9.0,Im,N,7.87,7.18,7.18,,-2.10
IC5201,13.30,6.0,,,10.19,10.4,9.68,-0.51,-0.19
Dw2221-4608,22.50,10.0,Irr,L,6.26,,,,-4.15
ESO289-020,17.60,8.0,Sd,,8.09,8.76,7.80,,-2.18
Dw2221-4607,>23.50,10.0,Tr,L,6.14,,,,<-4.55
ESO238-005,16.60,10.0,Ir,L,8.21,9.19,8.35,-2.27,-1.97
AM2220-460,17.40,10.0,Ir,L,7.62,8.74,7.54,,-2.24
PegasusIII,,-2.0,Sph,X,4.31,5.34,,<-7.54,
Dw2227-4623,20.40,10.0,Tr,N,7.58,,,,-3.32
AndXXVIII,,-1.0,Tr,L,6.04,5.56,,<-6.60,
Aquarius2,21.80,-2.0,Sph,X,4.43,5.48,,,-7.68
DDO215,17.00,9.0,Im,N,8.21,8.45,8.18,,-2.01
KK258,20.00,-3.0,Tr,L,7.16,,<5.75,-4.68,-4.48
Tucana,22.00,-1.0,Tr,L,6.66,7.22,<5.49,,-6.00
TucanaB,>23.50,-2.0,Sph,L,5.48,,,,<-6.26
LacI,,-3.0,Sph,X,7.34,6.22,,<-6.42,
PiscesII,22.70,-3.0,Sph,X,4.7,5.0,,-7.50,-7.56
AF7448_001,19.40,10.0,Ir,N,7.35,5.83,6.95,-2.75,-2.84
NGC7462,14.30,6.0,,,9.48,10.06,8.81,,-0.40
ApplesI,>23.00,-3.0,Sph,X,6.25,,,,<-4.54
NGC7640,,5.0,,,9.77,10.55,9.56,-0.45,
UGC12588,,8.0,,,8.83,9.44,8.22,-1.28,
UGCA438,15.40,10.0,Ir,N,7.59,7.75,7.25,-3.84,-2.65
CasdSph,>23.00,-3.0,Sph,L,7.66,7.29,<5.63,-6.11,<-5.95
ESO347-017,15.70,9.0,Im,N,8.25,8.68,8.23,-1.68,-1.61
Pegasus,16.30,10.0,Ir,L,7.35,6.13,6.74,-4.37,-3.54
DDO217,15.80,8.0,,,9.42,9.87,8.95,-1.13,-1.05
IC5332,12.60,7.0,,,9.74,10.3,9.31,-0.39,-0.26
NGC7713,,6.0,,,9.43,10.11,8.74,-0.64,
UGC12713,17.00,7.0,,,8.9,9.21,8.42,-1.61,-1.57
PGC680341,18.20,10.0,Ir,N,7.15,7.61,6.86,,-2.89
UGCA442,15.00,8.0,,,8.03,9.17,8.22,-2.18,-1.84
KKH98,18.20,10.0,Ir,L,6.63,5.87,6.49,-3.57,-3.27
ESO348-009,16.40,10.0,Ir,L,8.47,9.07,8.64,-2.06,-1.60
PegdSph,>23.00,-3.0,Sph,L,7.22,5.9,<4.21,-6.37,<-6.38
ESO149-003,15.80,10.0,Ir,N,7.95,8.11,7.90,-2.23,-1.79
AndXXI,>23.00,-3.0,Sph,X,6.34,6.3,,<-6.31,<-6.24
PAndAS-01,>23.00,-3.0,dE,H,5.74,,,<-6.35,<-6.33
NGC7793,11.30,6.0,,,9.7,10.25,8.70,-0.45,-0.42
PAndAS-02,>23.00,-3.0,dE,N,5.45,,,<-6.34,<-6.28
AndXXIX,>23.00,-2.0,Sph,X,5.96,5.76,,-6.54,<-6.54
